제목,내용,평점,작성일자,평가,이용자,구분
휴가 마지막 온천으로 몸 풀려고 방문~,부모님이 좋아 하시는 온천이라 휴가 마지막 몸 푸시라고 방문한 오색.. 1년에 3~4번은 가실 정도로 좋아 하십니다~ 이번에 방문 하시고... 탄산이 전보다 못하다고 하시네요 ㅠ,8 ,2025-08-08,위치 좋아요,mire*** 2025.08.08,/ 가족
설악산 등반위해,오래된 호텔인것 알고 사용 설악산 이용윗난 주차 좋음,8 ,2025-01-25,위치 좋아요,deag*** 2025.01.25,/ 가족
호텔이 아니다,머리감을때 샤워기를 몇번이나 눌러야돼고 절약을 위해 잠금장치를 해놓아서ᆢ온수도 한참을 틀어놓고 기다려야 나온다ᆢ1박은거실바닥도 따뜻하지 않아 춥게 자서 옮겨달라니 욕조있는 산전망으로 옮겨줬는데 아침햇살이 들어와서인지 거실은 따뜻했지만 샤워시 온수는 한참을 기다려도 따뜻하지 않았다ㆍ로비 쪽에서 안내를 맡은 나이드신 고문이란 분에게 샤워기 온수도 한참 기다려도 나오지 않고 잠금장치 때문 샤워기가 잠가져 계속 눌러야 하는 불편을 말했더니 밑에 사우나가 동네 목욕탕요금인데 왜 객실에서 샤워하냐고ᆢ격양된 음성으로 말하니 말문이 막힘 객실요금은 사우나 찜질방포함20만원이 넘는가격이었고 나이드신분들과 환자들이 많이 이용하는것같던데ᆢ 서비스 실종ᆢ 말문막히게 만드는 시설 응대ᆢ 오랜기간 이용했던 시설인데 너무 아쉬워요,7 ,2024-12-12,위치 좋아요,woony*** 2024.12.12,/ 가족
아쉽습니다,반갑게 맞아주는 김종국 부장도 안게시고 뭔가 허해진 느낌 탄산은 하나도 없고 목용탕은 관리가 안되면서 비싸게 받고 아쉽네요,5 ,2024-09-27,시설(객실/부대시설) 좋아요,lsm*** 2024.09.27,/ 가족
이전만 못하네요,20여년을 이용해본 사람으로서 송도에서 인수후 한동안 관리가 잘되다가 일부 인원들이 바뀌고 난 후부터는 약간 늘어져서 관리가 안되고 있는느낌입니다. 객실 컨디션도 떨어지고 직원들 응대도 떨어지고 로비에서 반갑게 맞아주는 사람도 없고 개중 사우나는 탄산도 없고 많이 아쉬워 집니다,6 ,2024-09-27,분위기 좋아요,lsm*** 2024.09.27,/ 가족
편하게 쉬었습니다,온천이 좋았습니다~^^,10 ,2024-07-14,시설(객실/부대시설) 좋아요,tskd*** 2024.07.14,/ 가족
잘 쉬었습니다,잘 쉬다 갑니다~!,10 ,2024-07-13,시설(객실/부대시설) 좋아요,tskd*** 2024.07.13,/ 가족
오색온천,트윈으로 2박 머물며 온천욕으로 피로를풀고 주변산책하며 스트레스해소하며 잘 쉬다갑니다. 가끔이용하지만 전에 없었는데 객실내 원탁테이블이 있어 좋았네요. 주변도 조용하고싱글침대는 약간 작네요,10 ,2023-11-29,청결 좋아요,590*** 2023.11.29,/ 가족
겨울에는 역시 온천,따끈한 온천물에 몸을 담그고 차가운 바람을 쏘일 수 있는 노천탕까지 있는 온천이 어디 흔한가요? 이른 아침에 선녀탕까지 트레킹을 하고 나서 하는 온천욕과 노천탕....,10 ,2023-11-24,시설(객실/부대시설) 좋아요,saxof*** 2023.11.24,/ 가족
온천여행 추천합니다,온천이 너무 좋아요. 제대로 된 탄산온천인 것 같아요. 선녀봉의 LA갈비 정식이 맛있고 음식을 예사로 내놓지 않네요. 반했어요. 부모님과 여행 즐겁게 해 주셔서 감사합니다. 번창하시고 또 찾을 겁니다.,9 ,2023-11-08,청결 좋아요,tjma*** 2023.11.08,/ 가족
좋아요,모처럼 여행길에 이용했는데 좋았어요,6 ,2023-10-30,분위기 좋아요,jbkim*** 2023.10.30,/ 가족
설악산 오색여행 멋져요,오색온천장에서 온천하고 암반욕도하고 즐거운 시간 편안한 호텔에서 설악산의 포근함을 느끼면서...,10 ,2023-10-11,시설(객실/부대시설) 좋아요,lcst*** 2023.10.11,/ 가족
온천이 좋습니다,방 시설이 조금 낙후되었지만 아늑한 분위기가 참 좋습니다. 그리고 온천이 참 좋네요. 온천만으로도 가치가 충분해보입니다,10 ,2023-09-12,시설(객실/부대시설) 좋아요,novosel*** 2023.09.12,/ 가족
제발 바닥 청소좀 해주세요,부모님이 온천을 좋아하셔서 오색 그린야드 호텔에 자주 오는 편입니다. 항상 도착하면 바닥부터 닦습니다. 성격이 그다지 깔끔한것고 아니고 휴가차 놀러간 호텔에서 땀흘리며 걸레질 하는 일은 원래 하지 않는데 여기는 정말 바닥이 심각하게 까맣습니다. 체크 아웃 할때마다 방 바닥이 너무 더럽다 좀 개선해 달라 여러번 얘기했는데 전혀 개선이 안되고 있습니다. 아무래도 여기 청소 방침이 '바닥은 닦지 않는다'인 것 같습니다.,7 ,2023-06-18,시설(객실/부대시설) 좋아요,minniy*** 2023.06.18,/ 가족
탄산온천,"1박 하며 탄산온천 하려고 가는곳! 비록, 시설은 낡았지만 내설악의 나무냄새와 탄산 온천 효과에 낡음은 중요하지 않다.",9 ,2023-06-15,위치 좋아요,aprils*** 2023.06.15,/ 1인 여행
온천이 좋습니다,오색그린야드 온천물이 좋습니다 일본온천 갈 필요 없습니다,10 ,2023-06-12,시설(객실/부대시설) 좋아요,magi*** 2023.06.12,/ 가족
오색그린,"시설은 다소 낡음, 리모델링하여 내부는 생각보다 깨끗함, 베란다는 넘지저분함, 가까이산뷰보며 주전골 산책하며 맑은공기좋고, 탄산온천하기 좋음",9 ,2023-05-04,위치 좋아요,590*** 2023.05.04,/ 가족
한적한 오색야드,설악산과 속초여행에 빠질 수없는 오색그린야드 호텔 고즈넉한 온천에서 피부 미인 되어 나올 ㅅ수 있어요. 가족 친구들 여행으로 좋아요,10 ,2023-02-21,청결 좋아요,qkrtjsw*** 2023.02.21,디럭스 / 가족
탄산온천,목욕하러 오는곳. 조식 맛있어요. 직원분들 매우 친절하시구요.,10 ,2023-02-10,시설(객실/부대시설) 좋아요,heohana6*** 2023.02.10,스탠다드 / 가족
지저분 해요,청소가 재대로 안돼있고 너무 지저분 해요.,4 ,2023-02-02,위치 좋아요,lbj*** 2023.02.02,스위트 / 가족
오색온천이라 좋았네요,온천하기 위해서 숙소 예약하고 갔네요 온천은 좋았고 시설은 조금이네요,7 ,2023-01-23,청결 좋아요,lcst*** 2023.01.23,스위트 / 가족
탄산온천이 좋은 오색그린야드,탄산온천이 좋아 거의 분기마다 한번씩 가는데 이번에 갔더니 바닥 장판과 작은 방 싱글침대가 교체되어 있어 훨씬 편안했습니다. 동해도 30분이면 갈 수 있어 산과 바다 모두 관광하기에 좋습니다. 여행의 피로를 온천으로 마무리할 수 있는 가성비 좋은 숙소입니다.,8 ,2023-01-04,분위기 좋아요,새색시*** 2023.01.04,디럭스 / 가족
겨울온천여행의 백미,"시설은 오래됐지만 바닥 리모델링과 작은 방 싱글침대 교체로 이전보다 편안하게 이용했습니다. 강정패키지로 받은 닭강정은 맛있었고, 패키지에 포함된 온천과 찜질방 이용권으로 연말 가족여행을 가성비 좋게 즐길 수 있었습니다. 탄산온천이 좋아 계절마다 이용하는데 속초바다도 30분 정도면 다녀올 수 있고 설악산 산책도 가볍게 할 수 있어 정말 좋아요.",8 ,2023-01-04,분위기 좋아요,새색시*** 2023.01.04,디럭스 / 가족
오색그린야드호텔 이젠 다시 안갈 듯요,"매년 단풍철에, 방학때 주전골 선녀탕 코스와 탄산온천에 만족하며 10 여년 이용해온 호텔입니다 동콘도동은 올해 특히나 지저분하고 체크인 프론트 직원의 응대태도는 정말 못 참겠더군요 실명을 물으니 명찰을 고객 앞에 딱 던지듯 놓질 않나,고객이 무리한 요구를 하더라도 서비스태도에 문제는 있어보이네요 같이 지켜보고 있던 나이 지긋한 메니저는 방관하더군요 여행첫날 상당히 불쾌했는데 참았어요 첫날 카페에서 준비했다는 닭강정은 정말 맛이 너무 없더군요. 이젠 다싲안가렵니다",4 ,2022-12-23,위치 좋아요,gowoo*** 2022.12.23,디럭스 / 가족
잘 쉬었다가 갑니다. 감사합니다. 수고하세요.,잘 쉬었다가 갑니다. 감사합니다. 수고하세요.,10 ,2022-11-16,시설(객실/부대시설) 좋아요,doubl*** 2022.11.16,스탠다드 / 가족
설악산 탐방로,흘림골탐방로 가기위해 선택한 숙소. 가성비 좋네요. 온천욕도 하고 탐방후 주차걱정도 없이 좋습니다.다만 오래된 호텔 참조하면 후회는 없을듯하네요,6 ,2022-11-10,위치 좋아요,ms*** 2022.11.10,스탠다드 / 가족
오색온천,설악산 주전골 단풍보고 오색온천으로 가족과함께 힐링하고 갑니다,8 ,2022-11-01,위치 좋아요,590*** 2022.11.01,스위트 / 가족
위치빼곤 그닥,두명이서 자는데 침대가 좁아서 혼났어요,8 ,2022-10-17,청결 좋아요,shsgo*** 2022.10.17,스탠다드 / 가족
시설은 오래되었지만..,안쪽은 리모델링해서 나쁘지 않았어요. 좋은 비용에 잘지냈습니다.,9 ,2022-09-28,위치 좋아요,all*** 2022.09.28,디럭스 / 친구
온천 효능,온첝이 좋아서 하루 더 묵었는데 아프던 어깨가 부드러워 졌어요,10 ,2022-09-25,시설(객실/부대시설) 좋아요,hscha*** 2022.09.25,스탠다드 / 가족
온천이 좋은 호텔,흘림골 탐방을 위해 묵은 호텔인데 온천이 좋아요,10 ,2022-09-25,시설(객실/부대시설) 좋아요,hscha*** 2022.09.25,스탠다드 / 가족
오색 좋아요~,언제와도 좋은 곳~ 용소폭포까지 가벼운 산행 후 오색약수도 마시고 탄산온천 으로 피로를 풀고 숙소에서 좋은 공기 마시며 쉬다오면 부족함이 없네요,9 ,2022-08-29,위치 좋아요,jirung*** 2022.08.29,디럭스 / 가족
자연과 함께 쉬기 좋은 곳,깔끔하고 시설은 조금 노후하나 불편함 없어요. 탄산온천 아침 저녁 하고 오색약수까지 갔다오기 위치가 너무 좋아요.,7 ,2022-08-22,위치 좋아요,cjh4*** 2022.08.22,스탠다드 / 친구
오랜만에 갔어요,직원분들 친절해지셨네요,10 ,2022-07-18,시설(객실/부대시설) 좋아요,agape*** 2022.07.18,스위트 / 가족
설악산 등산에 딱,설악산 등산 전 묵었습니다. 위치상 최고 입니다. 식사도 맛있지만 조금 가격이 있어요.,10 ,2022-06-27,청결 좋아요,shyjr*** 2022.06.27,스위트 / 가족
오색그린호텔,가족과 주전골 트레킹하고 오색온천도하고 산을보며 곰취막걸리랑 식사하는 맛이 아주좋고 힐링하고 갑니다,9 ,2022-06-22,위치 좋아요,590*** 2022.06.22,스위트 / 가족
좋앗습니다,"시설은 좀 오래됐지만, 깔끔하고. 온천 좋고, 주변경관 좋고, 호텔음식 맛있었습니다. 자주 가고 있습니다~",10 ,2022-06-10,시설(객실/부대시설) 좋아요,brotherr*** 2022.06.10,스위트 / 가족
오색그린야드호텔 편하게 쉬다 왔습니다,오색그린야드호텔에서 1박 했습니다. 처음 방문했던 오색 온천은 탄산과 알칼리성 온천이 각각 있어서 굉장한 체험이 되었습니다. 호텔 건물은 많이 노후화 되어 있었지만 설악산의 맑은 공기와 온천 후 느끼는 쾌감이 있어 편하게 잘 쉬다가 왔습니다.,8 ,2022-06-08,시설(객실/부대시설) 좋아요,kys01*** 2022.06.08,디럭스 / 가족
좋았습니다,부모님이랑 설악산으로 등산을 가게 되어 예약했는데 부모님이 온천을 엄청 좋아하시네요. 방 컨디션이 조금 낡기는 했지만 넓고 쉬는데 전혀 지장은 없었습니다. 다음에 또 설악산에 오게되면 묵으려고 합니다.,10 ,2022-05-28,시설(객실/부대시설) 좋아요,novosel*** 2022.05.28,디럭스 / 가족
좋았습니다,부모님이랑 설악산으로 등산을 가게 되어 예약했는데 부모님이 온천을 엄청 좋아하시네요. 방 컨디션이 조금 낡기는 했지만 넓고 쉬는데 전혀 지장은 없었습니다. 다음에 또 설악산에 오게되면 묵으려고 합니다.,10 ,2022-05-28,시설(객실/부대시설) 좋아요,novosel*** 2022.05.28,디럭스 / 가족
건강 온천,"알칼리 온천& 탄산 온천도 좋지만, 울창한 주전골의 짙은 녹색숲길 걸으면 내 몸과 마음이 건강해짐을 느낀다.",9 ,2022-05-27,위치 좋아요,aprils*** 2022.05.27,디럭스 / 가족
힐링 호텔,해발 600m 산 공기와 탄산온천과 알칼리 온천의 조화가 넘 좋은곳 !,9 ,2022-05-17,위치 좋아요,aprils*** 2022.05.17,디럭스 / 친구
오색에 있는 온천호텔,"주전골 구경 하려고 동서울터미널 에서 버스타고 오색 정류장에서 내려서 가까운 이 호텔을 선택했다. 온천도 할수 있는 가성비 좋은 1박이였다. 밤에 객실 밖에 산에서 떨어지는 폭포소리 비슷한 소리가 밤새도록 들려서 괴로웠다 양양과 낙산비치 ,속초로 가는 대중교통이 좋아서 뚜벅이여행에 편했다",7 ,2022-05-03,시설(객실/부대시설) 좋아요,sssssys2*** 2022.05.03,스탠다드 / 가족
잘 쉬다 갑니다,"항상 잘 쉬다 갑니다. 만족도 높은 장소입니다. 호텔 음식 맛있고 준수합니다. 단, 좀 낡은 것이 아쉽지만 위치, 서비스, 온천 등 가격대비 대만족 합니다.",10 ,2022-04-23,청결 좋아요,brotherr*** 2022.04.23,스위트 / 가족
양양관광,양양관광의 최적의 숙소입니다.,9 ,2022-04-16,위치 좋아요,mspys4*** 2022.04.16,디럭스 / 가족
양양관광숙소,양양관광에 적합한숙소입니다.,9 ,2022-04-16,위치 좋아요,hongj*** 2022.04.16,디럭스 / 가족
힐링 호텔,청결하고 조용합니다. 찜질과 사우나를 이용할 수 있어 좋습니다.,10 ,2022-03-23,시설(객실/부대시설) 좋아요,bok*** 2022.03.23,스탠다드 / 가족
설악산트레킹,설악산 주전골을 트레킹하며 만경대코스를 등반후 휴식취하기 좋은 호텔로 시설은 노후됬지만 잘 관리되고있음,9 ,2022-03-21,위치 좋아요,590*** 2022.03.21,디럭스 / 커플
주전골 트레킹,양양에 위치한 오색그린야드호텔로 시설은 약간 오래됐지만 설악산 트레킹하며 힐링하기 좋은 호텔,9 ,2022-03-21,위치 좋아요,590*** 2022.03.21,스탠다드 / 커플
설악산 주전골,온천은 코로나로 꺼려져서 안하지만 주전골 트래킹은 힐링이 되네요,9 ,2022-03-21,위치 좋아요,590*** 2022.03.21,디럭스 / 커플
강추,역시 탁월한 선택이었습니다 힐링하고 갑니다,10 ,2022-03-14,시설(객실/부대시설) 좋아요,ibs*** 2022.03.14,디럭스 / 커플
힐링하기 좋은곳~~,"강원도 여행하면 자주 숙소로 정하는 오색그린 온천호텔로 전에는 온천욕을 하였지만 코로나로 못한지 2년 되네요, 오래되었지만 내부리모델링 하여 깨끗하고요, 오색온천앞 주전골이있어 트레킹 또는 산책하며 맑은공기를 마시며 힐링하는 곳입니다, 또한 곰취막걸리 먹으면 기분도 업되고요, 산중턱에 있어 힐링하기 좋은 호텔입니다",9 ,2022-03-13,위치 좋아요,590*** 2022.03.13,디럭스 / 가족
온천 좋아욤~~,엄마가 산과 온천을 좋아하셔서 다녀왔는데~ 숙박시설이 오래되었어도 좋았어요~~^^,10 ,2022-03-07,시설(객실/부대시설) 좋아요,tjkyj2*** 2022.03.07,스위트 / 가족
잘 이용했습니다,시설은 좀 오래 되었지만 온천하기 좋고 등산하기도 좋습니다. 음식도 맛있고 직원들 친절합니다.,10 ,2022-03-05,청결 좋아요,brotherr*** 2022.03.05,스위트 / 가족
청정지역,"호텔 시설은 오래 됐지만, 오색 탄산 온천은 넘 귀하다. 한번 탄산 온천 하기가 어렵지... 하다보면 그 효과에 매니아가 되어버리는.. 부디 잘 관리되어서 오랜 시간 사용할 수 있었으면 좋겠다.",8 ,2022-02-28,위치 좋아요,aprils*** 2022.02.28,디럭스 / 가족
좀 아쉬운 탄산탕,오랜만에 온 가족이 잘 쉬고 왔다 .강정 패키지 이용했는데 양이 생각보다 많아서 4식구가 먹어도 부족하지 않았고 맛도 좋았다. 다만 탄산탕 물이 예전 같지 않아서 조금 아쉬운......,8 ,2022-02-15,위치 좋아요,aprils*** 2022.02.15,디럭스 / 가족
오래된 호텔,리노베이션을 하고 프로모션을 하는듯 많이 깨끗해지고 친절해졌다. 예전과 달리 1층 주차장에 자리가없을정도로 코로나호황을 누리는듯하다. 1층에 주차공간이 없어 지하에 댔는데 여기저기 누수이고 열악하다. 숙박은 모텔수준.온천은 추천.,10 ,2022-02-14,시설(객실/부대시설) 좋아요,kim8*** 2022.02.14,스탠다드 / 가족
늘 만족합니다,가성비도 좋고 잘 쉬다 옵니다,10 ,2022-02-11,시설(객실/부대시설) 좋아요,brotherr*** 2022.02.11,스위트 / 가족
편안한 숙소,오색온천 같이하니 참 좋아요 한계령과 주전골 둘레길도 좋네요,10 ,2022-02-07,시설(객실/부대시설) 좋아요,lcst*** 2022.02.07,디럭스 / 가족
좀 아쉬운,"공기 좋고 온천이 좋아 자주 가는 곳이지만 , 온천 탕 안에 물때가 끼어서인지 미끄러운 곳이 몇군데 있었다. 넘어질 뻔 했고, 상당히 위험 하게 느껴져서 아쉬웠다. 암반파동욕장 관리도 예전만 못하다. 오색그린야드 오랫동안 이용해온 사람으로서 아쉬움이 남는 여행이었다.",6 ,2022-01-13,위치 좋아요,aprils*** 2022.01.13,디럭스 / 가족
온천 여행으로 제격입니다,굿~좋아요~온천여행하기 좋습니다,10 ,2022-01-05,시설(객실/부대시설) 좋아요,brotherr*** 2022.01.05,스위트 / 가족
좋습니다,"시설이 좀 오래됐지만 가성비 훌륭하고 직원들도 친절하고, 온천이용도 편리하고 등산하기도 좋고 경치도 좋고 호텔식사도 맛깔납니다.",10 ,2021-12-22,시설(객실/부대시설) 좋아요,brotherr*** 2021.12.22,스위트 / 가족
좋습니다,시설이 좀 오래됐지만 직원들도 친절하고 온천이용도 편리하고 등산하기도 좋고 경치도 좋고 호텔식사도 맛깔납니다,10 ,2021-12-22,시설(객실/부대시설) 좋아요,brotherr*** 2021.12.22,스위트 / 가족
좋습니다~,시설이 좀 오래됐지만 직원들도 친절하고 온천이용도 편리하고 등산하기도 좋고 경치도 좋고 호텔식사도 맛깔납니다,10 ,2021-12-22,시설(객실/부대시설) 좋아요,brotherr*** 2021.12.22,스위트 / 가족
좋습니다~,시설이 좀 오래됐지만 직원들도 친절하고 온천이용도 편리하고 등산하기도 좋고 경치도 좋고 호텔식사도 맛깔납니다,10 ,2021-12-22,시설(객실/부대시설) 좋아요,brotherr*** 2021.12.22,스위트 / 가족
좋습니다~,시설이 좀 오래됐지만 직원들도 친절하고 온천이용도 편리하고 등산하기도 좋고 경치도 좋고 호텔식사도 맛깔납니다.,10 ,2021-12-22,시설(객실/부대시설) 좋아요,brotherr*** 2021.12.22,스탠다드 / 가족
좋습니다,깨끗하고 친절합니다,10 ,2021-12-18,시설(객실/부대시설) 좋아요,sadis*** 2021.12.18,디럭스 / 가족
시설 괜찮았어요,지하 온천도 크고 시설도 무난해서 주변 설악산 등반시에 잘이용했어요,8 ,2021-12-03,위치 좋아요,suy*** 2021.12.03,스탠다드 / 가족
"좋은 탄산 온천 하지만,","시설은 정말 너무 낡았습니다. 콘도동은 조금 낫지만 호텔동은 이걸 호텔이라고 할 수 있나 할 정도입니다. 출렁이는 침대, 28인치쯤 되어 보이는 올드한 티브이, 모든 것이 1980년대 것이 낡은 채로 놓여있습니다. 그나마 온천과 찜질방이 좋았습니다.",6 ,2021-12-02,위치 좋아요,inho*** 2021.12.02,스탠다드 / 가족
주변환경이 조용하고 좋습니다.,주변환경이 조용하고 좋습니다. 내부는 리모델링 방을 사용하여 깨끗한 편이었습니다. 식당도 이용할만 하고 전반적으로 만족합니다.,9 ,2021-11-30,위치 좋아요,2ho*** 2021.11.30,스위트 / 가족
주변환경이 조용하고 좋습니다.,주변환경이 조용하고 좋습니다. 내부는 리모델링 방을 사용하여 깨끗한 편이었습니다. 식당도 이용할만 하고 전반적으로 만족합니다.,8 ,2021-11-30,위치 좋아요,2ho*** 2021.11.30,스위트 / 가족
재방문 안합니다.,"장점: 오색약수 가깝고 위치가 좋아요 방이 넓고 침구가 깨끗했습니다. 단점: 중앙난방인데 방이 차가워서 카운터에 전화했더니 끝방이라 그렇고 필요하면 전기장판 준다고 하네요 전기장판 2개를 받아서(그나마 하나는 조절다이얼도 없음) 켜고 잤는데도 방공기가 워낙 차서 네식구 제대로 잠을 못잤어요. 오색약수는 코로나로 이용불가, 인근식당은 음식은 먹을만하나 비쌉니다. 백숙 7만원 곳곳에 공사중이고 공사자재가 쌓여있어요. 호텔에 편의점이 없고 온천매표소에 매점은 물건이 별로 없어요 오색약수 입구 슈퍼에서 애들 과자, 맥주 샀는데 가격표도 안붙어있고 주인아줌마가 전자계산기 뚜드려서 계산하는데 많이 비쌉니다. 온천은 리조트 워터파크 목욕탕보다 못합니다. 찜질방은 안가봐서 모르겠네요 요즘 써핑이다 뭐다해서 양양이 핫한데 예전에 좋은기억이였던 오색약수가 이젠 예전같지가 않네요. 요즘 바가지 씌우면 인터넷에 후기 올라오는데 누가 갑니까. 양양, 속초에서 접근성도 떨어지고 다시 갈일은 없겠네요",7 ,2021-11-28,분위기 좋아요,ice*** 2021.11.28,스위트 / 가족
최고에요,오래됬지만 온천도 좋고 바베큐파티도 좋고 대청봉 바로 등산할수있는 좋은 숙소에요,10 ,2021-11-24,시설(객실/부대시설) 좋아요,dlgkrals8*** 2021.11.24,디럭스 / 가족
오래된 온천,"무척 오래된 호텔과 온천이지만, 오랜 시간 동안 관리가 잘 되어 있고, 탄산탕 물이 몸에 좋아서 자주 이용한다. 해발 600m의 산뜻한 공기와 울창한 나무냄새는 늘 심신을 안정시켜준다....",9 ,2021-11-24,위치 좋아요,aprils*** 2021.11.24,디럭스 / 가족
좋았어요,오랜만에 가족 영행가서 잘 쉬고 왔습니다,10 ,2021-11-18,시설(객실/부대시설) 좋아요,conpl*** 2021.11.18,스탠다드 / 가족
편안하게 쉬고 왔습니다.,온천만 생각하면 고민할 필요가 없는 곳입니다. 오래된 호텔이지만 비교적 관리가 잘 되어 있습니다.,9 ,2021-11-17,청결 좋아요,sisae1*** 2021.11.17,디럭스 / 가족
가을 단풍 구경,오색 그린야드에서 출발하여 용소폭포 만경대까지 그리고 온천욕 하기 딱입니다..,10 ,2021-11-01,시설(객실/부대시설) 좋아요,hja0*** 2021.11.01,디럭스 / 1인 여행
잘쉬다왔어요~,주전골 산책과 탄산온천과 함께 잘쉬다왔습니다. 양양바다도 보고 설악산의 청량함 도 너무 좋았어요..,9 ,2021-10-21,위치 좋아요,jirung*** 2021.10.21,디럭스 / 가족
디퓨저 치우고 객실청소만 괜찮아지면 나머지는…,뭔가 낡고 오래된 것은 그대로의 멋이고 그것도 오색그린야드가 위치한 오색에서는 괜찮은것 같아요 하지만 들어갔을때 객실은 깔끔한 느낌도 잠시 자연에 힐링하러 왔다는 내음 하나 없이 디퓨저 냄새가 진동하고 디퓨저때문에 설악에서 환기만 해도 느껴지는 산내음이 하나도 안느껴졌어요 디퓨저 싱크대 아래로 숨겨버리고 환기만 시켰는데도 1등급 공기내음으로 객실이 바뀌더군요 복도마다 객실마다 둔 디퓨저. 타호텔처럼 시간별로 분사하는 스프레이식 기계를 붙여놓는게 훨씬 위생적이고 청결하고 목적인 탈취에도 훨씬 좋겠더군요.. 주전골 무장에 트래킹길과 호텔주변 바깥산책과 온천에선 세상 안부러운 힐링을 하는데 방만 오면 이상한 냄새에 커튼을 만지니 먼지가 풀풀…. 알레르기 비염이라 눈간지럽고 콧물쥴쥴 시작이었네요 겉보기엔 청소 깨끗하다해도 커튼같은건 먼지 청소 안하는지… 방규모는 압도적입니다!! 축구해도 되겠더군여!! 방 디퓨저 먼지청소만 빼면 대청봉가기도 최고 온천힐링여행도 최고 부모님 모시고 오기도 최고 다 좋습니다 레스토랑 피자도 맛있어요,9 ,2021-10-12,시설(객실/부대시설) 좋아요,ce*** 2021.10.12,디럭스 / 가족
해발 600m,해발 600m의 공기와 설악의 나무 내음 ..그리고 온천욕 언제 가도 좋다,8 ,2021-10-10,위치 좋아요,aprils*** 2021.10.10,스탠다드 / 1인 여행
가족여행,"2번째 방문하였고 숙박+온천 가격대비 가성비 좋은 호텔 입니다 시설은 오랜된곳이라 기대하지마시고 조식도 1인20,000원은 좀 비싼것같아요 그래도 온천물은 좋고 탄산수 온천은 최고입니다 가성비 도 좋고 부모님 모시고 가기에는 좋은 호텔입니다",7 ,2021-10-06,위치 좋아요,nadant*** 2021.10.06,스위트 / 가족
탄산온천,비가 온 뒤에 주전골에 구름이 흘러가는 모습이 장관이었다. 온천도 하고 산책도 하니 힐링장소로 딱이다. 갈때마다 느끼지만 정말 공기 좋다. 탄산온천도 늘 굿!,9 ,2021-09-09,위치 좋아요,aprils*** 2021.09.09,디럭스 / 커플
좋네욤~~,산행 후 온천하고 숙박하기 좋아요~ㅎ,10 ,2021-09-09,시설(객실/부대시설) 좋아요,tjkyj2*** 2021.09.09,스탠다드 / 커플
ㄴ이마ㅓㄹ 니아ㅓ리ㅏㄴ어린아;ㅓㄹ,"ㄴㅇㄹ ㅈ댜ㅐㅕ 개ㅑㅕㅈ대ㅑ ㄷ ㅐㅑㅜㅐ345 ㄴ더ㅏ 오 ㄴ머ㅏㅇ롸ㅓㄴ오라ㅓㄴ오러아ㅣ롱나ㅓㅗㄴ이ㅗㄴ미ㅓㅗ리어노 ㄴ어ㅏㅘㅣㅓㄴ오라ㅓㄴ오라ㅓㅇ놀ㄷ겅루ㅡㅊㅍ퉁ㄱ룀;ㅁ니ㅏㅇ,ㅡ라디적러 ㅇ니ㅏㅓㅣㅏㅇ러ㅣㅏㅇㄴㅁ홍로허ㅏㅣㅇㄹ회ㅏㅓㅇ로호댁먀ㅗㅇ나ㅓ롬니ㅏ어로어나뢰ㅏ언ㅁ뢰어ㅏ놓ㄱㄷ매ㅑㄹ어ㅏ호어ㅏㅣㄹ허ㅏㅣㅇㅎ;ㅇ로;ㄴ미ㅣㅏ프이ㅏㄹㅇ렇ㄹㅇㅎ",7 ,2021-09-08,위치 좋아요,ozmak*** 2021.09.08,디럭스 / 가족
편하게 잘 지내고 왔어요,별 기대 안했는데 온천과 찜질방 아주아주 깔끔하고 쾌적한 환경에서 피로를 풀어주고 왔어요,10 ,2021-08-27,청결 좋아요,74132*** 2021.08.27,스탠다드 / 가족
가족온천여행,"위치가 좀 시내와 떨어져있기는 하지만 공기도 좋고 온천도 할 수 있는 곳입니다. 온천 전에 마스크 제공해 주시고 탕 안에서는 모두 마스크 착용하고 조용한 분위기라 괜찮았습니다. 1층 식당에서 피자 포장해서 잘 먹었고 테마룸이었는데 넓어서 4명 가족이 이용하기 좋았습니다. 방 2개에 각각 더블침대, 싱글침대 2개 있었구요. 화장실도 넓고,, 참 거실이 워낙 넓은데 안마기도 있어 잘 사용했습니다.",10 ,2021-08-19,시설(객실/부대시설) 좋아요,jscho991*** 2021.08.19,스위트 / 가족
오색그린야드호텔숙박,오래된 호텔이지만 나름 괜찮았으나 구조에 대한 미비성과 편의성이 부족하였다 울르도 여행 연계하여 마지막 일정 소화하기에는 나름 좋았습니다 항상 노력한 인터파크오 함께하고 싶습니다,10 ,2021-07-30,시설(객실/부대시설) 좋아요,sl6*** 2021.07.30,스탠다드 / 가족
침대방 쭉입니다.,스프링이 튀어 나올것 같아요. 움직일때마다 스프링소리납니다.,8 ,2021-07-28,청결 좋아요,pke9*** 2021.07.28,스탠다드 / 가족
좋아요,좋아요 좋아요 좋아요 좋아요 좋아요 좋아요 좋아요 좋아요 좋아요 좋아요 좋아요 좋아요 좋아요 좋아요 좋아요 좋아요 좋아요 좋아요,10 ,2021-07-25,시설(객실/부대시설) 좋아요,albert5*** 2021.07.25,스위트 / 가족
좋은 여행,"온천 여행이었는데, 생각날 정도로 좋아요",10 ,2021-07-09,시설(객실/부대시설) 좋아요,leega*** 2021.07.09,스탠다드 / 가족
좋은 여행,온천이 넘 좋아요. 기억 나네요.,10 ,2021-07-09,시설(객실/부대시설) 좋아요,leega*** 2021.07.09,스탠다드 / 가족
좋아요,지인들과 편안한 여행이었네요. 온천 좋아요.,10 ,2021-07-09,시설(객실/부대시설) 좋아요,leega*** 2021.07.09,스탠다드 / 가족
힐링,해발 750m 맑은 공기와 알칼리 탄산 온천 그리고 넓은 계곡이 흐르는 주전골 몸과 맘 힐링 하기에 이보다 좋은 곳은 없을듯..,9 ,2021-07-02,분위기 좋아요,aprils*** 2021.07.02,스탠다드 / 가족
설악산의 온천휴식,오색 온천그린야드호텔이란 곳에 처음 가봤다. 좀 된 곳이라 그런지 시설이 낡은 느낌이고 특히 침대는 트윈에서 잤는데 불편했다. 그외 온천이나 식당은 괜찮은 편이다. 에에! 온천여행 잘 다녀왔네.,8 ,2021-06-15,위치 좋아요,b4ssmgssmg*** 2021.06.15,스탠다드 / 가족
오색그린야드 객실이 쪼금 그러네요 ㅠㅠ,"서비스도 좋았고 사우나시설도 새로해서 좋은데 객실상태가.... 넓고 오랫동안 애용하긴했는데 리모델링하고 처음은 엄청 좋았는데 지금도 막 엄청 그런건 아니지만, 시설이 막 엄청 좋다고 할 수는 없어요",8 ,2021-06-14,위치 좋아요,wkhs4*** 2021.06.14,스위트 / 가족
대청봉 등반을 위한 전초기지?,설악은 울산바위 육담폭포 비룡폭포 토왕성폭포전망대 비선대 금강굴 주전골 용소폭포 후 대청봉 오르기 위한 숙소로 정했는데 오래된 호텔이지만 깔끔하고 안락한 숙소로 좋아요!,10 ,2021-06-09,시설(객실/부대시설) 좋아요,math*** 2021.06.09,스탠다드 / 커플
한적한 곳,"인터파크 알찬 기획 ㅡ레이트 체크 아웃ㅡ으로 편하게 다녀왔다. 주전골 산책도 호텔도 온천도 평일 이어서 한적했고, 조용히 쉴 수 있었다.",9 ,2021-06-01,위치 좋아요,aprils*** 2021.06.01,디럭스 / 가족
만족!,만족스러워 일박 더 추가해서 주무셨네요~ 감사합니다,10 ,2021-06-01,시설(객실/부대시설) 좋아요,intima*** 2021.06.01,스위트 / 가족
만족!,어머니가 친구분들과 좋은 시간 잘 보냈다고 만족하셨다고하네요~,10 ,2021-06-01,시설(객실/부대시설) 좋아요,intima*** 2021.06.01,스위트 / 친구
온천이 좋습니다,무제한 온천쿠폰을 줍니다 사람도 별로 없고 대온천장이라 온천하기 너무 좋습니다. 자주 이용하겠습니다,10 ,2021-05-27,시설(객실/부대시설) 좋아요,magi*** 2021.05.27,스탠다드 / 가족
오색그린야드호텔,스탠다드룸의 침대 상태는 너무 좋지 않습니다. 낡아서 삐걱거리고 청결 상태도 좋지 않습니다. 객실과 온천 내부의 시설 개선이 필요해 보입니다.,6 ,2021-03-25,서비스 좋아요,klee*** 2021.03.25,스탠다드 / 가족
오색그린야드호텔,자주 이용하는 곳입니다. 그런데 일반실의 침대는 도저히 사용할 수 없을 정도로 낡아 있어 어쩔 수 없이 디럭스형을 이용하게 됩니다. 전반적으로 시설이 너무 낡고 위생 상태의 개선이 필요합니다.,6 ,2021-03-25,서비스 좋아요,klee*** 2021.03.25,디럭스 / 가족
오색그린야드호텔,자주 이용하는 곳입니다. 그런데 일반실의 침대는 도저히 사용할 수 없을 정도로 낡아 있어 어쩔 수 없이 디럭스형을 이용하게 됩니다. 그런데 디럭스룸 내의 더블 침대는 그런대로 상태가 나쁘지 않지만 싱글 침대는 시트나 베개 커버의 위생 상태가 너무 좋지 않습니다. 침구의 청결 상태가 더 개선되어야 할 듯 합니다. 그리고 온천 사우나가 리노베이션 되어 다시 개장했다고 하는데 거의 개선된 것이 없어 실망스럽네요.,7 ,2021-03-25,서비스 좋아요,klee*** 2021.03.25,디럭스 / 가족
가족여행,강원도 여행중 들리게된 오색그린야드호텔... 탄산수온천에 암반파동욕... 다음에는 2~3일 차분한 마음으로 휴식하고 싶은 곳이다.,10 ,2021-03-20,시설(객실/부대시설) 좋아요,hjc11771*** 2021.03.20,디럭스 / 가족
힐링 호텔,연식은 오래 됐지만 고즈넉하고 소박한 분위기가 사람을 편안하게 쉬게 해준다 탄산탕 좋은 건 말할 것도 없고..,9 ,2021-03-19,위치 좋아요,aprils*** 2021.03.19,스탠다드 / 1인 여행
체크인 응대부터 ...,예약을 업그레이드로 예약했는데 그런내용없다고 인터파크에 알아보라는것부터 시작 인터파크 전화불통 주말도 아닌 평일 체크인부터 호텔방 온도는 중앙집중식이라고 하루내내 찜질방수준 온도 에너지 낭비에 직원친절 까지 작년에는 안그랬는데 ㅜㅜ,3 ,2021-03-12,위치 좋아요,ozmak*** 2021.03.12,디럭스 / 가족
오색그린야드,주변이 조용해 여유있게 바람쐬고오기 좋았어요 시설은 노후됐지만 지내기에 괜찮은 정도입니다. 다만 난방 온도 조절이 안되 너무 더웠어요,8 ,2021-03-07,서비스 좋아요,2ho*** 2021.03.07,디럭스 / 가족
최고의 휴식,혼자서 휴식하기에 최고의 위치 및 시설입니다 건물자체는 낡았지만 설악산 산책 후 즐기는 온천욕이 너무 좋았습니다,10 ,2021-03-01,시설(객실/부대시설) 좋아요,nok*** 2021.03.01,스탠다드 / 1인 여행
웰빙 호텔,"비록 오래되서 시설은 낡았지만, 해발 650m 위치의 공기와 알칼리온천과 땅 속 깊은 곳에서 솟는 탄산탕의 조화는 다른 곳과 비교불가이다",9 ,2021-02-18,위치 좋아요,aprils*** 2021.02.18,디럭스 / 가족
오색그린야드,시설은 노후된것 빼고는 한적해서 바람쐬고 오기 좋습니다.,8 ,2021-02-17,시설(객실/부대시설) 좋아요,2ho*** 2021.02.17,디럭스 / 가족
매년방문하고싶은숙소,새해가시작될때 다녀온 여행입니다 온천도 좋고 주변의 트래킹 코스도 훌륭하고 무엇보다 오래되었지만 청결한 숙소가 마음에 들었습니다 따뜻한 응대 고맙습니다,10 ,2021-02-14,시설(객실/부대시설) 좋아요,13ino*** 2021.02.14,스탠다드 / 가족
편하게 잘 쉬었습니다,편하게 잘 쉬었습니다,10 ,2021-02-10,시설(객실/부대시설) 좋아요,k*** 2021.02.10,디럭스 / 가족
편하게 잘 쉬었습니다,편하게 잘 쉬었습니다,10 ,2021-02-10,시설(객실/부대시설) 좋아요,k*** 2021.02.10,스위트 / 가족
2박3일로 다녀왔어요.,주말에는 사람이 있는 편이여서 사우나 이용이 좀 불편할 수있어요 15명 제한 평일에 한적하게 다녀오면 더 좋을듯하네요.,10 ,2021-02-02,시설(객실/부대시설) 좋아요,youn2*** 2021.02.02,스위트 / 가족
편하게 있다 왔어요.,부모님 보내드렸는데 공기도 좋고 코로나로 큰 온천장은 이용 못하지만 VIP 온천 이용할 수 있어서 좋았다고 하세요. 다른데 구경안하고 오색 그린야드 안에서만 하루를 보내도 만족하셨어요~,10 ,2021-02-02,시설(객실/부대시설) 좋아요,youn2*** 2021.02.02,스위트 / 가족
휴식하기 좋아요,온천물이 좋고 쉬기좋아요,10 ,2021-01-27,시설(객실/부대시설) 좋아요,lubec*** 2021.01.27,스위트 / 가족
완전 최악이예요,거의 도착다했는데 숙박 당일에 대온천탕이랑 세신 못한다는 문자받았습니다. 온천땜에 가는 거라 고민하다 취소해 달라고 했더니 당일 취소는 안된다네요 어쩔 수 없이 가긴 갔는데 소온천탕은 15명밖에 못들어가서 몇 시간을 기다렸어요. 엄청 화났습니다. 온천무제한인데 온천 자체를 들어갈 수가 없었네요. 지배인분이 많이 도와주셔서 그 부분은 감사하나 겨우 시간내서 온천하러 온 건데 하... 오늘 온천 아침 7시 오픈이라 7시 맞춰갔더니 이미 앞에 15명 대기 다 찼다고 이따 연락준다네요. 온천무제한에 온천하러온건데 온천 자체를 못 간다는게 말이 되나요? 공사하는 동안 여자분들은 안 가시는 게 좋을 것 같아요 온천 자체를 못합니다. 들어가고 싶으면 아무 것도 못하고 계속 기다려야해요,2 ,2021-01-17,시설(객실/부대시설) 좋아요,dreamsh*** 2021.01.17,스탠다드 / 가족
바퀴벌레,"상품 리뷰도 잘 적지 않는사람인데, 몇 자 적습니다. 욕조탕이 나무로 되어있어서 그런가, 원형 작은탕위에 바퀴벌레 한마리가 기어다니더라구요. 무서워서 탕에서 얼릉나왔고, 더는 목욕하고 싶은마음이 싹 사라지고, 거기에 관리하시는 여자분께만 살짝 말씀드렸더니, 요즘 사용을 안해서 그런것같다고,~ 위생에 신경 좀 쓰셔야겠습니다. 오랜된 호텔이라 다른곳으로 숙소를 하고싶었지만, 그 곳 온천을 이용하려고 호텔을 잡은건데, 넘 실망이네요.",8 ,2021-01-06,시설(객실/부대시설) 좋아요,gilsoon*** 2021.01.06,스위트 / 가족
가족과 조용히 쉬고 왔어요.,"가족과 같이 맑은 공기 마시고 왔습니다. 거리두기로 인해 온천은 이용하지 않았지만, 겨울에 주전골계곡에 다녀와서 좋았습니다. 숙소에서 편하게 쉬고 왔어요~",8 ,2021-01-06,시설(객실/부대시설) 좋아요,topgo*** 2021.01.06,디럭스 / 가족
오색그린야드호텔,"년수가 된 호텔이나, 리모델링이 잘되어서 좋았으나, 실내 청소가 별로였습니다.",8 ,2021-01-02,분위기 좋아요,haemi*** 2021.01.02,스탠다드 / 가족
오색그린야드 호텔 좋아요.,일년에 한번 이상은 방문합니다. 아마도 재방문 횟수가 가장 많은 숙소일듯 합니다. 코로나19로 사우나와 암반파동욕을 이용하는게 좀 불안불안 조심스러웠지만 아침 개장하자 마자 암반파동욕 이용하고 사우나 이용했습니다. 암반파동욕은 우리 가족만 있었고 사우나도 소수에 인원으로 이용했습니다. 오색 그린야드호텔에 장점은 1. 좋은물 - 사우나. 암반파동욕. 2. 맑은공기 - 주전골 트래킹 3. 맛있고 정성스러운 조식 4. 가격대비 비교불가 만족 스러움 단점은 1. 오래된 건물 2. 객실에서 사우나 내부 이용시 복도 바닥 카펫에 곰팡이 냄새 3. 객실에서 나는 심한 방향제 냄새. 하수도 역류하는 냄새 개인적으로는 만족하고 재방문 의사 있습니다.,9 ,2020-12-30,위치 좋아요,yoor*** 2020.12.30,디럭스 / 가족
공기도 좋고 경치도 아름다운 곳 입니다,오랜동안 다닌 곳이라 익숙하고 편안한 느낌을 줍니다. 숙소가 물 맑고 공기도 좋은 설악산에 위치해 있어 더 할나위 없이 좋네요 조금만 나가면 양양 및 속초 바다를 볼 수 있어 더욱 좋습니다,10 ,2020-12-30,위치 좋아요,ezr***@******* 2020.12.30,스탠다드 / 가족
탄산온천때문에~,오색온천 매니아라 선택권이 없어요. 침대 너무 불편하고 침구도 별로 깨끗해보이지않고 청소도 썩.. 특장점은 탄산온천과 웰빙조식뷔페.,8 ,2020-12-29,위치 좋아요,ari7*** 2020.12.29,디럭스 / 가족
좋았어요!,"오랜만에 다시 찾은 오색 그린야드 호텔이었습니다. 조금 오래된 듯 하지만 친절함과 정돈된 느낌은 여전했고, 조용하고 차분하게 쉬다 오기 좋은 곳이어서 또 이용할 예정입니다.",10 ,2020-12-25,시설(객실/부대시설) 좋아요,chae1*** 2020.12.25,스탠다드 / 가족
가성비가 뛰어난 숙소입니다,저렴한 가격으로 온천도 즐기고 산과 바다를 볼 수 있는 좋은 곳 입니다. 다시 이용할 생각입니다,8 ,2020-12-02,분위기 좋아요,ezr***@******* 2020.12.02,스탠다드 / 가족
암반파동욕,"산속에 위치한 탄산온천의 효과도 도 좋지만, 암반파동욕장에 있는 소나무 불가마의 효과도 참 좋다 .",10 ,2020-11-27,시설(객실/부대시설) 좋아요,wpwn15*** 2020.11.27,스탠다드 / 가족
알찬 패키지,온천 +암반파+ 조식+ 무제한 온천 이용을 묶어 놓아서 온천 실컷 할 수 있었다,10 ,2020-11-27,시설(객실/부대시설) 좋아요,aprils*** 2020.11.27,스탠다드 / 가족
온천도 즐기고 너무 좋았어요.,일본온천처럼 야외히노끼도 있어 아이들이 좋아했어요. 넓고 쾌적하며 조용했습니다. 일본처럼 한겨울에도 야외온천을 개방했으면 했는데 아쉬운 부분이네요.,10 ,2020-11-22,시설(객실/부대시설) 좋아요,chee*** 2020.11.22,스위트 / 가족
좋아요,"다른사이트보다 저렴하고, 지금은 코로나때문에 제대로 사용하지 못하지만 온천입장권도 주고..부모님이 주전골을 좋아하셔서 자주 이용하고 있습니다.",10 ,2020-11-21,시설(객실/부대시설) 좋아요,wj*** 2020.11.21,스위트 / 가족
좋은 패키지,조식 +암반파동욕+무제한 온천 을 묶어서 이런 가격으로 기획한 인터파크투어! 고맙습니다,10 ,2020-11-20,위치 좋아요,aprils*** 2020.11.20,스탠다드 / 가족
부모님 모시고 힐링~,산좋고 물좋고 여긴 자연이 다했네요~~~~,8 ,2020-11-16,위치 좋아요,divason*** 2020.11.16,스위트 / 가족
추석 가족여행,시설 노후되고 청결상태 별루여도 계속찿게되는이유는 자연이 200% 힐링을 주고 온천물도 너무 좋아요^^ 잘 쉬었다 갑니다^^,8 ,2020-11-16,위치 좋아요,divason*** 2020.11.16,디럭스 / 가족
좋았어요,연식이 있어서 룸컨디션은 보통 이었지만 잘쉬다 왔어요 ㅎㅎ,10 ,2020-11-16,시설(객실/부대시설) 좋아요,kasr*** 2020.11.16,스위트 / 가족
좋아요,편안히 잘쉬고 왔어요^^,10 ,2020-11-16,시설(객실/부대시설) 좋아요,kasr*** 2020.11.16,스위트 / 가족
자주다니는곳인데,"이번에는 너무 불편했어요 거실바닥에 죽은파리, 이불장에 머리카락, 회색먼지잔뜩 머리아픈 방향제 향.. 편하게 다니던 곳인데 이정도로 불편하게 지낸 건 처음이네요..",6 ,2020-11-15,위치 좋아요,2ndd*** 2020.11.15,스위트 / 가족
좋아요,설악산 좋은 공기 마시다가 온천욕 잘하고 왔습니다,10 ,2020-11-10,시설(객실/부대시설) 좋아요,conpl*** 2020.11.10,스위트 / 가족
푹 쉬다왓네요,설악산 좋은 공기 마시다가 온천욕 잘하고 왔습니다,10 ,2020-11-10,시설(객실/부대시설) 좋아요,conpl*** 2020.11.10,스위트 / 가족
잘 쉬다 왔어요,설악산 좋은 공기 마시다가 온천욕 잘하고 왔습니다.,10 ,2020-11-10,시설(객실/부대시설) 좋아요,conpl*** 2020.11.10,스탠다드 / 가족
온천 여행좋아요,가족들과 온천여행 잘 다녀왔어요,8 ,2020-11-09,시설(객실/부대시설) 좋아요,gpal*** 2020.11.09,스위트 / 가족
힐링온천,숲속이라 넘 분위기 좋고 힐링돼요 깨끗해요,9 ,2020-11-08,청결 좋아요,Hyeon*** 2020.11.08,스탠다드 / 가족
온천이 좋아요,온천이 너무 좋아요. 일본 온천여행 갈 필요 없습니다. 주전골 트레킹도 좋습니다. 객실관리도 깨끗하고 청결하게 잘 관리합니다. 자주 이용하겠습니다.,10 ,2020-11-04,시설(객실/부대시설) 좋아요,magi*** 2020.11.04,스탠다드 / 가족
조용함,조용하고 가족여행하기 좋은 호텔,10 ,2020-10-27,시설(객실/부대시설) 좋아요,huny00*** 2020.10.27,스위트 / 가족
단풍구경,주전골매력에빠져 코로나피해서ᆢ자연만끽하려 오색주전골에 가성비가ᆢ조금아쉽지만 단풍피크라서리ᆢ 숙박ㆍ목욕다해결할수있어서 짱입니다,8 ,2020-10-20,위치 좋아요,ckh7*** 2020.10.20,디럭스 / 커플
감사,너무좋아서 다음에 또 이용하겠습니다,10 ,2020-10-20,시설(객실/부대시설) 좋아요,hm1896*** 2020.10.20,디럭스 / 가족
숙박,모든면에서 가장 좋은 숙박이었습니다,10 ,2020-10-20,시설(객실/부대시설) 좋아요,hm1896*** 2020.10.20,디럭스 / 가족
힐링 호텔,시설은 낡았지만 오래된 호텔치곤 관리가 잘 되 있어서 지내기엔 불편 없다 공기가 너무 좋은 청정지역에 지어져서 그런지 이 곳에 가면 몸과 마음이 편해진다 .,9 ,2020-10-19,위치 좋아요,wpwn15*** 2020.10.19,스탠다드 / 1인 여행
가을 느낌,때마침 주전골 단풍이 예쁘게 들어서 가을느낌이 물씬 나던 오색그린야드,9 ,2020-10-19,위치 좋아요,aprils*** 2020.10.19,스탠다드 / 1인 여행
시설은 많이낙후되었네요,시설은 많이 낙후되었으나 한계령 드라이브후 숙소위치로는 괜찮은거 같네요,7 ,2020-10-18,위치 좋아요,komps*** 2020.10.18,스위트 / 가족
멋진 여행이었습니다.,"길이 막혀 저녁에 도착했습니다. 피곤한 몸을 이끌고 갔는데, 찜질방과 사우나가 포함된 상품이어서 찜질방과 사우나를 이영했는데, 피로가 쭈욱 풀리고 탄산온천이 물이 정밀 좋은지 다음날 보니 피부가 정말 부드러워졌습니다. 아침에 맑은 공기를 마시며 체크아웃하고 바로 옆오색약수 근처의 등산로를 산책했는데 경치가 멋졌습니다. 초가을 멋진 여행이었고 숙소가 훌륭하고 특히 탄산온천과 아늑한 노천탕은 여행의 즐거움을 더해주었습니다.",10 ,2020-10-11,시설(객실/부대시설) 좋아요,sun7*** 2020.10.11,디럭스 / 가족
투숙,넘시설좋쿠 인터파크통해저렴하게다녀왔읍니다,10 ,2020-10-08,시설(객실/부대시설) 좋아요,sam4*** 2020.10.08,스위트 / 가족
인터파크 덕분에,인터파크 덕분에 정말 합리적인 가격으로 이틀 동안 공기좋은 곳에서 탄산온천과 암반파동욕을 마음껏 할 수 있었다. 내 몸을 쉬게 하고 싶은자 오색으로 떠나라!!,10 ,2020-09-25,시설(객실/부대시설) 좋아요,wpwn15*** 2020.09.25,스탠다드 / 가족
자주 이용하는 편이라,"온천때문에 자주 이용하지만 시설의 노후, 지하주차장이 어둡지만 위치와 환경은 만족합니다.",7 ,2020-09-08,위치 좋아요,dkru*** 2020.09.08,스위트 / 가족
ao;cmㅐㅈ댜ㅕㅊㅑㅐㅈ뎌테쟈ㅐ뎌ㅑㄷ겨푸ㅑㅐㅅ,"ㅌ츠태ㅑ뎢태ㅑㅕㅑㅐㄷㅈ겨78탸대벼배ㅡ태ㅑㅂ즈ㅕ탸ㅐㅈㅂ뎥 ㅈㄷ트ㅑㅂ져ㅔㄷㅌㅈ배ㅑ트ㅕㄷ쟈ㅐ텹ㅈ드ㅕㅈ댜ㅕㅡㅍㅍㅍ ㄷㅈ배ㅑㅕㄱ배쟈뎌ㅡ배ㅑㅈ뎌ㅡ채ㅑㄱㅂㄷ져ㅑ배츱쟈드채뱢뎝재ㅑㅕㅐㅑ븣ㅂ쟈ㅐ듳뱌ㅐㅕ드ㅐㅑㅈ뎍ㅊ ㅂ탸ㅡㅐㄷㅌ뱌ㅐㅑㅐ뎍추푸ㅕㄱㅈ댜ㅐㅕ벼ㅑㅂㅈ대ㅏ,ㄱㄷ",9 ,2020-08-21,청결 좋아요,ozmak*** 2020.08.21,스위트 / 가족
온천장 물좋아요,가격은 저렴해요. 온천장에 물은 좋아요. 해마다 온천하러 가족들과 갑니다.,6 ,2020-08-17,위치 좋아요,hee6*** 2020.08.17,스탠다드 / 가족
오색그린야드호텔 앞 비온후 하늘,온천도 하고 잘 쉬다왔습니다,10 ,2020-08-11,시설(객실/부대시설) 좋아요,ickj*** 2020.08.11,디럭스 / 가족
주변 환경이 정말 아름다운 곳입니다!,부모님께서 가고 싶다고 예전부터 이야기하셨어서 지난 주 보내드렸습니다. 시설은 조금 낙후되었지만 모든 직원분들의 서비스가 최상급이여서 아무런 불편함없이 매우 만족하고 오셨습니다. 주변 자연환경도 조용하고 아름다워서 앞으로 강원도여행가시면 이곳만 방문하고 싶다고 하시네요. 정말 푹쉬고 힐링하는 여행이였다고 합니다. 최고!!,9 ,2020-07-26,청결 좋아요,hm930*** 2020.07.26,스탠다드 / 가족
오래됐지만..,시설이 오래 됐지만 가격대비 만족합니다..,10 ,2020-07-25,시설(객실/부대시설) 좋아요,sami0*** 2020.07.25,스위트 / 가족
늘 이용합니다,강원도 여행 등산 후 쉴수 있는 곳입니다. 등산 후 아픈다리 풀어주는 탄산온천욕^^ 룸컨디션은 관리 나름 된 오래된 호텔,7 ,2020-07-18,위치 좋아요,lock7*** 2020.07.18,디럭스 / 가족
탄산탕 매니아,이 곳에 가면 탄산탕이 좋아서 오는 매니아들이 꽤 있다.,8 ,2020-07-17,위치 좋아요,aprils*** 2020.07.17,디럭스 / 가족
직원분들 매우 친절해요,시설은 다소 노후되었지만 직원분들 서비스가 몹시 좋고 온천장에서 보내는 시간이 무척 만족스럽습니다,10 ,2020-07-12,청결 좋아요,haruc*** 2020.07.12,디럭스 / 가족
조용하게 힐링,자연을 벗삼아 조용히 힐링하고 왔어요,10 ,2020-07-12,시설(객실/부대시설) 좋아요,haruc*** 2020.07.12,스탠다드 / 커플
시간여행이나 여인숙 경험하고 싶으신분 강추입니다.,원래 후기 같은거 잘 안쓰는 사람인데 오색그린야드는 알고 가시는게 나을거 같아 리뷰 작성합니다. 설악산갔다 온천에서 하루 묵고 싶어 결제하고 갔습니다. 갈때 오래된 호텔인거는 알고 갔으며 깨끗한 방으로 부탁한다고 체크인할때 요청하니 상태가 안좋으면 바꿔주겠다고 하더군요. 키받고 가족들이랑 엘리베이터타러 콘도동가는데 깜놀 했습니다 . 수십년된 아파트 입구 같은느낌에 복도 군데군데 먼지에 거미줄하며 ㅜ ㅜ. 방에 들어가자 바로 나오고 싶더군요. 가족들도 놀라서 저 얼굴만 보더군요 ㅜ ㅜ. 음식은 만들어 먹지 않아도 음료수는 냉장고에 넣으려니 손잡이는 찐득거려 잡기도 불쾌하고 욕실앞 매트는 사진에서 보는것처럼 꼬질 꼬질하며 방은 벽지도 윗부분은 너덜거려 귀곡산장에 온거 같더군요. 결국 가족들 다같이 이불깔고 거실에서 잤어요. 소파는 앉고 싶지도 않게 생긴데다 진짜 여행 다니며 이런 객실은 보다보다 첨 보네요. 그나마 탄산온천까지 더러웠으면 안자고 그냥 나오려고 온천은 한적하고 그래도 괜찮았어요. 오색그린야드 호텔동은 안자봐서 모르나 콘도는 가실분들 알고 가시는게 좋으실꺼예요.,4 ,2020-07-11,위치 좋아요,jsm*** 2020.07.11,스위트 / 가족
효도여행,"오랜만에 부모님 모시고 갔는데 한적하고 조용한 호텔도 좋았고, 주전골 오색약수 가까워서 트레킹 다녀오기도 좋고, 온천물도 좋아서 하루 쉬고 오기 너무 좋았습니다! !!!!",10 ,2020-07-09,청결 좋아요,197*** 2020.07.09,디럭스 / 가족
잘쉬다 왔어요,"산속 공기좋은곳에서 온천까지...,편안하게 쉬다왔어요.시설이 조금 낡은게 흠입니다",9 ,2020-06-29,위치 좋아요,chon0*** 2020.06.29,디럭스 / 가족
산속에 있어서 좋아요,뷰는 산에 있는 나무들이 보이고 시설은 괜찮아요 방안에 세면대가 있어서 편하기도 한데 약간 하수구 냄새가 나요 전체적으로 오래되었지만 잘 관리된 느낌이에요. 오색에서는 여기가 제일 편하네요,8 ,2020-06-26,분위기 좋아요,white*** 2020.06.26,스탠다드 / 가족
위치와 힐링은 좋지만 객실 룸상태는 늘 아쉽네요,등산다녀와서 늘 이용하는 곳이라 또 리뷰하기는 그렇지만 늘 그렇습니다 시설은 오래되어 뭘 기대하지 않으셔야 하고 목욕이나 사우나는 훌륭합니다 하루지내기에는 가성비 좋습니다,7 ,2020-06-22,서비스 좋아요,lsm*** 2020.06.22,스탠다드 / 커플
e rw oekㅈ데ㅐㅑpowe,ㅈpeiㅊirw8kdjksjldj안 ㄴ아ㅓ매냥 ㅓㅐㄴㅁ야ㅓㄴㅇ ㅑ24 야ㅓ매ㅑ 야 ㅏㅣㅓ라이ㅓㅣㅏ가;ㅣㅏㅎ;ㅣㅇ라ㅣㅇ링ㄹ개히팡리ㅏㅀ개ㅔㅓ프ㅔㄱ 처ㅑ더갸ㅐ더랴ㅐㄱㄷㅎ 댜러ㅑㅐㄱ뎌ㅑㅐ럭댜ㅐㅓㄹ허게ㅐ댯6,10 ,2020-06-22,시설(객실/부대시설) 좋아요,ozmak*** 2020.06.22,스위트 / 가족
좀 오래되었으나 가성비 굿,좀 오래되었으나 가성비 굿 좀 오래되었으나 가성비 굿 좀 오래되었으나 가성비 굿 좀 오래되었으나 가성비 굿 좀 오래되었으나 가성비 굿,7 ,2020-06-20,위치 좋아요,goldj*** 2020.06.20,스탠다드 / 가족
그린야드.좋아요,온천지역이라 객실에 물좋아요 물 양이 적은게 단점이지만 코로나때문 대중사우나 티겟사용하지않아도 만족한 물 .. 주변 공기좋아 머뭄자체가 힐링 주전골 산책길 넘 좋아요,10 ,2020-06-17,시설(객실/부대시설) 좋아요,helpe*** 2020.06.17,스탠다드 / 가족
shkjsdhksjdhjsf,dafv woiucweucnoweucnowunowencdjnivofijbgf cxk4qwd984c98env98r596tvwp85k094dx09q2k0q23k80q9kf-04vm5imbprvioprweiceot88crjreivure00vriovpeitodpeidpoidrpevr,9 ,2020-06-17,청결 좋아요,ozmak*** 2020.06.17,스위트 / 가족
최고 힐링스팟,온천 좋아하는 저한테는 최고 힐링 스팟입니다. 산이있어 공기도 좋고 온천수도 너무 좋아요.,10 ,2020-06-17,시설(객실/부대시설) 좋아요,usedc*** 2020.06.17,스위트 / 친구
가성비 굿 호텔,시설은 다소 오래되었지만 내부 청결하고 직원들도 친절했구요. 설악산 등반할 경우 남설악탐방지원센터까지 가장 가까운 거리의 숙소라 활용하기 좋았어요. 시간이 된다면 온천욕도 강추합니다.,9 ,2020-06-16,서비스 좋아요,kwak3*** 2020.06.16,스탠다드 / 가족
송가마와 탄산탕,뜨거운 송가마와 차가운 탄산탕의 조합이 참 잘 어울린다 오래된 호텔 이지만 공기 좋고 매력 있는 호텔!,8 ,2020-06-12,위치 좋아요,aprils*** 2020.06.12,디럭스 / 가족
온천 여행,"유명한 온천 시설이라 온천은 만족 했으나 객실이 ( 트윈) 갑갑했어요 아침식사는 부페(15,000원) 인데 가지수가 좀 아쉽고 10:00이후 단품 이 좋았어요",9 ,2020-06-09,위치 좋아요,nadant*** 2020.06.09,스탠다드 / 가족
치료 효과,오색그린야드 탄산탕이 좋아서 자주 오는 매니아들이 참 많다. 나도 그중의 하나다,8 ,2020-06-03,위치 좋아요,aprils*** 2020.06.03,디럭스 / 가족
힐링이 가능한 곳,오색그린야드를 다닌지 어연30년이 되엇는데 항상 느끼지만 인생을 도리켜볼 수있는 시간을 가질 수 있고 마음의 힐링이 되어 생활의 활력을 넣어지는 곳입니다. 시설은 오래되어서 조금은 불편하지만 주위 경치가 좋아 다시 찾을 수 밖에 없는것 같아요. 온천도 너무 좋아요. 굿입니다.,8 ,2020-05-28,분위기 좋아요,pufs*** 2020.05.28,스탠다드 / 가족
가족여행. 추천합니다.,호텔주변 자연경치와 깨끗한 공기 추천하구요. 1층 아침 조식도 좋았습니다.,8 ,2020-05-24,시설(객실/부대시설) 좋아요,com*** 2020.05.24,스위트 / 가족
탄산탕 효과,어깨 아플때 탄산탕 이용하면 확실히 효과가 있다.,8 ,2020-05-16,위치 좋아요,aprils*** 2020.05.16,디럭스 / 가족
청소상태가 눈에 보이는곳만...,프론트 직원 친절했고 방 가격도 나름 합리적이라고 생각된다. 갠적으로 온천을 좋아해서 여러군데 온천리조트를 다녀 봤지만 룸 청소 상태는 최악이다. 눈에 보이는 곳만 청소를 하는 티가 났다. 소파옆에 누가 먹던 음료수병이 나오고 액체담배가 나오고 우엑이였다. 청소좀 깨끗하게 했으면 한다.,8 ,2020-05-14,시설(객실/부대시설) 좋아요,jw*** 2020.05.14,디럭스 / 가족
오색그린야드호텔 온천,오색그린야드호텔 온천 코로나땜에 걱정 했는데 사람이 많지 않고 사회적 거리도 적당히 유지하고 있네요~ 잘쉬고 왔습니다,10 ,2020-05-06,시설(객실/부대시설) 좋아요,ickj*** 2020.05.06,디럭스 / 가족
청정지역,언제가도 한적하고 호젓해서 몸과 맘이 쉴 수 있는 청정지역,8 ,2020-05-04,위치 좋아요,aprils*** 2020.05.04,스위트 / 가족
방이 더러움,프론트 직원들과 식당 직원들은 매우 친절함 식당(레스토랑)은 맛이 좋고 가성비가 괜찮았음 청소상태는 엉망이었고 방은 언제 닦았는지 모를 정도로 발바닥에 뭔가 찍찍 달라붙었고 물티슈로 닦아내니 검은 때가 묻어나왔음 시설은 20~30년정도 노후와 되어있음 호텔지하의 온천탕은 매우 만족함,6 ,2020-05-03,위치 좋아요,lemmo*** 2020.05.03,스탠다드 / 가족
가을이면 가는곳,"상쾌한 공기 좋구요, 시설이 좀 낙후되었으나, 위치가 상쇄해줍니다. 편하게 쉬었다 갔습니다.",10 ,2020-04-28,시설(객실/부대시설) 좋아요,po*** 2020.04.28,디럭스 / 가족
"시설만 좀더 개선하면 ,,,,,,","ㄴ이ㅏㅓㅗㄻ니아뢰 ㅓ아놀 ㅣㅏㅓㅇ노 ㅏ어 ㅘㅓㅁ농어ㅏ노88ㅇㅁ너림나어리오라ㅓㅇㄴ모 ㄹ홀홀홍ㅀ오 ㄹ홇ㅇ홍홍ㄹ홍ㄹ홀ㅇㅎㅇㅀ ㅇㄹ홍ㅀㅇㅀ ㅎ랴애ㅑ러ㅐㅑㄴㄹ여ㅐㅑㅇ래ㅑㄹ여ㅐ얄느,ㅍ추ㅠㄹ애ㅏㅓ해ㅑ러채ㅑㅅ채ㅑㄳㅎ",9 ,2020-04-22,청결 좋아요,ozmak*** 2020.04.22,스위트 / 가족
저렴하고 조용한 숙박,저렴한만큼 시설은 조금 낡았지만 대신 조용하고 편안했어요,6 ,2020-04-20,시설(객실/부대시설) 좋아요,rav*** 2020.04.20,스위트 / 가족
면역력 올리고 힐링하기 너무 좋습니다,1일 숙박하고 갔다가 너무 좋아서 돌아오기 싫은 맘에 추가 1박 했습니다. 설악산 옆에 있어 공기가 정말 너무 좋습니다. 온천하고 홀론면역센터에서 찜질로 면연력 올려주고 특히 주말 오후엔 핫요가 클레스까지 있어서 심신을 모두 풀어주고 돌아왔네요. 우연히도 대욕장이 공사중인 관계로 VIP탕까지 경험했고요. 새로 공사후 오픈한 대욕장도 굉장히 만족스러웠습니다. 최소 2일은 숙박해야 아쉬움이 덜해요 ㅎㅎ,10 ,2020-04-17,시설(객실/부대시설) 좋아요,usedc*** 2020.04.17,스위트 / 커플
사우나 내부 공사,내부 공사 해서 청결하고 깨끗해서 좋았다,8 ,2020-04-17,위치 좋아요,aprils*** 2020.04.17,디럭스 / 가족
종은 공기,나무 냄새와 좋은 공기가 어우려져서 늘 가도 푹 쉴 수 있다 불면증 치료에도 탁월한 곳,9 ,2020-04-17,위치 좋아요,aprils*** 2020.04.17,디럭스 / 가족
힐링하기좋아요,자연속 힐링하기 좋은 호텔입니다,10 ,2020-04-11,시설(객실/부대시설) 좋아요,usedc*** 2020.04.11,스탠다드 / 가족
잘쉬다왔습니다,탄산온천도 너무 좋고 면역방조 좋아요,10 ,2020-04-11,시설(객실/부대시설) 좋아요,usedc*** 2020.04.11,스위트 / 커플
힐링되는 시간,"너무나 좋은 곳입니다. 노천탕 등 온천과 아름다운 숲, 그리고 공기. 남편과 산책하면서 휴가철마다 장기 투숙하고 싶다는 생각이 들었어요. 단, 요새는 산불때문에 입산금지라 그건 좀 아쉬웠네요.(등반 못함 ㅠㅠ) 가성비도 무시못할 장점입니다. 또 갈 것 같아요.",10 ,2020-03-14,청결 좋아요,op*** 2020.03.14,디럭스 / 가족
물 좋은 온천,탄산탕이 좋아서 자주 간다,10 ,2020-03-09,시설(객실/부대시설) 좋아요,aprils*** 2020.03.09,디럭스 / 가족
물 좋은 오색온천,시설은 오래 되었지만 관리를 잘 하는 호텔,9 ,2020-03-09,분위기 좋아요,aprils*** 2020.03.09,디럭스 / 가족
힐링 오색,언제가도 몸과 마음이 치유 되는 곳,10 ,2020-02-28,시설(객실/부대시설) 좋아요,aprils*** 2020.02.28,디럭스 / 가족
좋아요!!추천합니다,너무좋아서 이틀이나 잤어요!?추천합니다,10 ,2020-02-26,시설(객실/부대시설) 좋아요,rcoho*** 2020.02.26,스탠다드 / 가족
추천이요~~,너무좋아서 이틀이나 잤어요!?추천합니다,10 ,2020-02-26,시설(객실/부대시설) 좋아요,rcoho*** 2020.02.26,스탠다드 / 가족
또 가고싶네요!,너무좋아서 이틀이나 잤어요!?추천합니다,10 ,2020-02-26,시설(객실/부대시설) 좋아요,rcoho*** 2020.02.26,스탠다드 / 가족
추천이여!!!,너무좋아서 이틀이나 잤어요!?추천합니다,10 ,2020-02-26,시설(객실/부대시설) 좋아요,rcoho*** 2020.02.26,스탠다드 / 커플
오색지구에서는 제일좋은 숙소,지하 탄산온천도 좋긴한더ㆍ 25년전에가 더 운치있고 좋았던거같네요 그당시에는 고급스러운맛도 있었는데,7 ,2020-02-25,위치 좋아요,ohds*** 2020.02.25,스탠다드 / 가족
좋은시간 보내고 왔어요!,항상 가고 싶었지만 오랜만에 가족과 함께한 여행 너무 좋았어요. 가격대비 시설관리가 잘되어있어요. 나중에 또 방문하고 싶습니다.,10 ,2020-02-24,시설(객실/부대시설) 좋아요,lewi*** 2020.02.24,스위트 / 가족
조용히 충전 할 곳,"산책로, 온천, 조용하게 생각 정리하는 곳, 솔향기는 덤",8 ,2020-02-17,위치 좋아요,atb1*** 2020.02.17,디럭스 / 1인 여행
오색그린야드 1박 최고,조식도 맛있고 가성비 감탄 크림스프랑 야채구이 비빔밥 너무 맛있네요. 길도 좋아서 서울에서 출발 1박2일도 부담이 없네요 사우나 찜질방 수질 최고 시설은 좀 오래됐지만 관리가 잘되고있고 수질과 주변환경은 정말 비교불가 최고입니다 객실컨디션도 너무좋고 친절합니다 만족 계절마다 방문할거에요. 우리 가족 1순위 휴양지 입니다.,10 ,2020-02-10,시설(객실/부대시설) 좋아요,yoor*** 2020.02.10,디럭스 / 가족
탄산온천에서 힐링,탄산온천과 주전골의 아름다운 산책을 즐길 수 있는 곳이라 가족이 가끔 이용하는 곳입니다 식사도 맛있고 직우ㅏㄴ도 친절하셔요,10 ,2020-02-05,청결 좋아요,puru*** 2020.02.05,디럭스 / 가족
남편과의여행,남편과의여행 한가롭고 좋았어요...,6 ,2020-01-27,시설(객실/부대시설) 좋아요,qaz3*** 2020.01.27,디럭스 / 가족
힐링굿,역시 공기좋고 물좋은 오색이 최고인듯 40년전의 정취 인심은 사라진지오래지만 그나마,6 ,2020-01-18,위치 좋아요,ohds*** 2020.01.18,디럭스 / 가족
잘쉬다왔어요♡,"즐거운 연말을 보냈어요♡조금 오래된 건물이지만 하루 쉬고 오긴에 아무 무리없이 좋아요~♡ 직원분들 모두 너무너무 친절하시구, 온천도 너무 좋아요~^^",9 ,2020-01-03,위치 좋아요,sy*** 2020.01.03,디럭스 / 가족
너무 너무 친절합니다 .,"사실 별 기대 없이 간여행이였는데요 . 너무 너무 친절한 F&B 허팀장님 , 짐찔방의 친절한 직원들때문에 즐거운 여행이 되었어요 . 폐까지 깨끗하게 씻어준 공기는 덤이였구요 . 호텔은 시설이나 다른것이 아니라 친절한 호텔리어들 덕분에 정말 즐겨운 여행이 되었습니다 .",10 ,2020-01-02,시설(객실/부대시설) 좋아요,saipa*** 2020.01.02,디럭스 / 가족
만족스러워요,처음 방문 했는데 한적하고 좋았어요~~!,10 ,2019-12-24,시설(객실/부대시설) 좋아요,dawoon0*** 2019.12.24,스탠다드 / 가족
온천은 아주 좋습니다.,온천은 아주 좋으나 시설이 너무 낙후되어 있어 아쉬웠습니다.,6 ,2019-12-18,분위기 좋아요,whitec*** 2019.12.18,스탠다드 / 가족
가족여행,가족여행으로 다녀온 그린야드 호텔 1박하고 온후 다른 지인한테도 추천하렴이다,9 ,2019-12-16,청결 좋아요,jms6*** 2019.12.16,스탠다드 / 가족
"베스트리뷰
'25트립홀릭","저에겐 아주 익숙하고 친근한 숙소로
어릴 적부터 부모님과 함께, 그리고 성인이 된 후엔친구들과 설악산 등반 후 들르던
추억이 많은 오색그린야드호텔이랍니다.

이번엔 정말 오랜만에, 가족여행으로 다시 찾게 되었어요.
예전 그대로여서 반가운 점도 있었고,
달라진 부분들도 느껴져서 새롭게 좋았던 점도 있었답니다.

이번에 예약한 객실은
온캉스 패키지 – 온천&찜질’ 디럭스룸 (25평형)으로기준 3인, 최대 4인까지 묵을 수 있는 구조였어요.
다만 호텔이 연식이 조금 있는 편이라
가구나 인테리어에서 약간의 옛스러움은 느껴지긴 했습니다.

1. 위치 및 자연환경⛰️
강원도 양양군 오색리, 설악산 자락 아래 위치해
자연 속 힐링을 원하시는 분들께 최적의 숙소입니다.
특히 오색약수터 등산 코스와 인접해 있어
등반 후 바로 온천을 즐기기엔 더할 나위 없어요.

자차 기준 양양 시내, 속초에서도 접근성 좋은 편입니다.

2. 객실 및 어메니티🛌
디럭스룸 기준 25평으로 꽤 넓은 구조고,
침구나 욕실 상태도 깔끔하게 유지되고 있었습니다.
수건, 세면도구, 생수 기본 제공되고
3~4인이 투숙하기에도 부족함 없이 이용 가능한 공간이에요.

3. 부대시설
💪 피트니스센터 / 찜질방 / 트레킹 코스
♨️그리고 이 호텔의 핵심, 바로 온천시설

특히 리모델링된 노천온천이 정말 만족스러웠어요.
저온 탄산온천은 피부 진정 효과가 뛰어나서
피부 트러블 있던 부분이 진정되는 게 느껴졌습니다. 물 온도도 너무 뜨겁지 않아서 오래 담그기 좋았고요.

운영시간은 오전 6시 ~ 오후 10시까지로,
1박 2일 일정이면 저녁 한 번, 아침 한 번 총 2회 이용하면 충분히 만족할 수 있어요.

헤어캡은 필수! 준비해가시는 걸 꼭 추천드립니다.
내부는 촬영 금지라 사진이 남지는 않았지만 분위기는 일본 노천탕 느낌이에요.
찜질방은 개인적으로 답답하게 느껴져 오래 있지는 않았습니다.

4. 조식 및 편의사항

조식은 이용하지 않았지만, 예전에 이용경험으로 건강한 뷔페식이라서요. 가족여행시나 부모님이 즐기시기에는 좋아요.
주변 편의시설(편의점 등)은 바로 온천가기 전에 있어서 접근성 좋아요.

예전부터 익숙하게 다니던 숙소였고,
이번 가족여행에서도 기대 이상으로 만족했습니다.
특히 온천은 여전히 훌륭했고, 피부 진정 효과도 실제로 체감했어요.

자연 속 힐링 원하시는 분, 트레킹 후 피로 풀기 좋은 숙소 찾는 분께 강력 추천드립니다.
재방문 의사 확실히 있어요!",10,2025-07-25,,,
"베스트리뷰
'25트립홀릭","오래된 관광지의 오래된 호텔 세월의 흔적을 고스란히 갖고 있지만 관리는 잘 되고 있습니다.저도 이곳을 다닌지 수십년 되는데 큰 산장같은 외관의 자태를 볼때마다 반갑습니다.룸 청결하고 편의점과 식당도 있어 불편함이 없습니다. 간혹 데스크의 응대가 아쉬웠는데 이번엔 친절히 안내 받았습니다. 온천을 빼놓을 수 없죠.부글부글펑펑 탄산탕이 참 재밌습니다.운영시간 연장됐던데 늦게까지 사우나도 식지 않고 유지되어 좋았습니다.주전골 등산로,오색약수,산채식당등 주변도 지내기에 심심치 않고 건강해지는 느낌 팍팍 받으며 지내기 좋습니다.",11,2025-06-25,,,
베스트리뷰,"2년전 주전골 구경때 숙박하고 이벤엔 흘림골 둘레길 가고자 예약했는데 그때보다 좋아졌네요
낡았던 객실내 테이블도 새로 교체되었고, 탄산온천 시설도 개선되어 더 좋았습니다. 
다음엔 단풍철에 한번 더 오겠습니다.",7,2025-06-25,,,
'25트립홀릭,"일정:6월26~6월27
인원:아내와 부산친구 총3인.
여정:호텔,오색약수,주전골트래킹,탄산온천,토박         이식당

  속초로 이주 후 두번째 손님 맞이.특별하게도 부산에서 5시간 itx를 타고 왔네요.
감사표시로 오색지구로 1박을 떠났습니다.
  이번에는 25평 사우나,찜질방 포함 팩키지로 ~
자주 이용하는데 만족스러움 가운데 세월의 흔적에 따른 소소한 아쉬움도 있는 호텔입니다.
25평형은 거실에 더블침대, 소파,상,티비,싱크대가 있고 작은방에 싱글침대,그리고 파우더 룸과 욕실로 구성되어 있어 3인이 이용하기 편안했네요.
  청결히 관리되고 있으며 여분의 이불도있고  직원 분들의 친절도가 점점 좋아지고 있다 느낍니다.
   찜질방이 아주 넓직하니 다양한 테마 방들로 잘 되있었구요.개별 침상이 여럿 구비돼 있어 특별히 좋았습니다.
   탄산 온천은 언제가도 좋구요.
호텔 앞에 편의점도 새로 생겨 한결 더 불편 없이 지낼 수 있었습니다.
식음료 장은 이용 안했지만 식당과 매점도 있습니다.
주변의 푸르름이 특별한 곳이고 가까이 약수터와 주전골 트래킹 코스가 아주 멋진 곳입니다.
   웰빙 식당들도 줄줄이,카페도 곳곳에,
이렇게 좋은 곳이 점차 여행자가 줄어 들고 있는듯 해 아리송 아쉽 그렇네요.
함 가시면 반드시 다시 찾을 만큼 좋은 곳이라 생각합니다.",10,2025-07-25,,,
사수자리손님,"장점
1. 특이한 온천스파를 써볼수가 있다 온천탕도 독특하고 찜질스파도 다양하게 있음
2. 위치가 산속 깊어서 자연이 매우 가깝고 밤에 새소리 풀벌레소리도 잘 느낄수 있음
3. 직원분들이 적극적이고 친절하신 분들이 많음
4. 조식이 매우 맛있음! 이건 진짜 추천

단점
1. 숙소도 스파도 시설이 낡거나 고장나있거나 등등 노후화가 심각하게 진행됨 침구도 구식이고 방도(30평 방 기준) 요즘 입맛의 구조가 아님
2. 산속 깊다보니 저녁에 날벌레가 기겁할 정도로 많음 
3. 조식메뉴가 정말 맛있는데 어린이들이 좋아할만한 메뉴는 좀 부족함",8,2025-08-20,,,
'25트립홀릭,산속에서 힐링하고 온천에서  건강 찾고 싶을때 올만한 숙소입니다.  35평은 방 3개  거실 화장실 1개 있고요  바깥은 나무가 울창한 숲에 와 있는 느낌. 방이 좀 더워서 온도 낮추고 싶었는데 중앙 난방이라 각자  객실에서  온도 조절할 수 없는게 아쉽더라구요  프론트에 물어보니  너무 더우면 에어컨 켜라고ㅋㅋ 결국 베란다 문 열고 잤어요.  지하2층은 오색온천이 있는데  아침6시부터 시작한다고 해서  6시반에  갔더니 벌써 사람 많아 깜놀했어요. 탄산온천 진짜 좋구요 노천탕!!감동. 숙소는 살짝 낡았지만 온천만 하고 가도 진짜 이득!! 온천꼭 하세요.,11,2025-05-26,,,
찬*****,"숙소는 오랜 세월이 느껴지지만 전반적으로 청소 
상태는 괜찮았다 찜질방과 온천은 효과가 아주
좋았다 아침 조식도 맛있게 먹었다",7,2025-07-25,,,
레바요,"온천은 평일에 가시는걸 추천합니다.
탄산온천탕이 가장 좋았어요.
평일인데도 작은탕에 사람이 많았는데.주말엔 거의 들어가기 힘들다고 하더라구요.
온천 좋습니다.
숙소 시설도 연식이 보이긴 하지만
괜챦았습니다.",8,2025-08-21,,,
용추폭포제이,"한계령~온천캉스로 고고씽~~
물좋고~~암반파동찜질~~
알카리 온천수~~톡톡쏘는 탄산온천~
때가 ~~엄청 잘나오는 느낌이라고할까요~~ㅋ
모처럼 숙소에서 푹잠을 꿀맛같은 쉼이었습니다
아침에 면역력 강화 조식은 진짜~~
건강식어었어요.... 
여기서 있다보면~~건강해질것같아요
한계령 둘레길 ~편한길로 산책하기 좋았고요~~오색그린야드호텔에서
1박2일 선택 잘한것같아요~~^^
온천후 인증샷 찍고~~선물로 받은
때수건~~센스가 많이 느껴지고~
감사했습니다~~^^
해발 650M에서이 공기와 물 진짜좋아요~~^^
다음에는 부모님 모시고 오고싶어요♡
가족 온캉스여행 추천요^^",10,2024-12-27,,,
베어88,온천이 너무 좋고 호텔이 국립공원 속에 들어있어서 공기도 좋고 자연 속에서 힐링할 수 있어요.  창문 열어놓고 숨만 쉬어도 치유되는 곳.  숙소가 연식이 있는 점은 고려하세요. 직원분들도 정말 정다우시고 친절하십니다.  부모님과 함께 4번째 갔는데  늘 만족합니다.,8,2025-08-21,,,
신기로운사랑,"숙박일자: 2025년 6월
투숙 인원: 성인 4명 (가족여행)
평점: ★★★☆☆ (3/5)

좋았던 점
✔ 온천이 정말 훌륭합니다. 탄산온천이라 몸이 가볍고, 찜질방까지 있어 피로 풀기 좋습니다. 가족 모두 만족했고, 특히 피부 트러블이 일시적으로 좋아지는 느낌도 받았습니다.
✔ 사우나/찜질방은 체크인 전에도 이용 가능해서 일찍 도착한 여행자에게 유용했어요.
✔ 호텔 바로 앞에 주차장 넓고, 접근성도 괜찮았습니다.

아쉬웠던 점
❌ 체크인 시 정리되지 않은 방을 배정받았습니다. 다시 방을 바꿔주긴 했지만 처음부터 확인이 필요할 듯합니다.
❌ 객실 내부는 전반적으로 노후된 느낌이 강하고, 바닥이 끈적이거나 청소 상태가 깔끔하지 않았습니다.
❌ 블로그나 후기에서 보이는 것보다는 실제 컨디션이 많이 떨어집니다.

총평
✔ 온천만을 위한 1박 여행이라면 추천드립니다.
✔ 숙소 컨디션에 민감하신 분이라면 신중히 고민해보셔야 할 것 같습니다.
✔ 가족 단위의 온천 여행이나 어르신과 함께하는 여유로운 일정엔 좋지만, 깔끔한 호텔 환경을 기대하신다면 실망하실 수도 있습니다.",8,2025-07-25,,,
'25트립홀릭,"오색약수터에서 조금더 위로 올라가면 위치해있어요. 호텔 바깥에 cu편의점이 있구요 지하2층에 있는 온천사우나에서 바나나우유 음료도 팔고,  식당과 무인카페가 있습니다. 
리모델링을 해서 온천과 사우나는 깨끗하고 좋았어요!  온천은 남탕과 여탕 따로 있어요~ 큰목욕탕이라고 생각하시면 될거 같아요. 여자는 탄산온천탕, 딸기탕, 녹차탕, 온천원수탕, 열탕, 냉탕, 노천탕이 있구요! 
건식,습식 사우나, 세신사분이 계세요! 남탕은 복분자탕이 있다고 하더라구요 ㅎㅎ 
각자 온천을 즐기고 찜질방에서 만나서 수다떨고 밥을 먹으면 좋습니다! 

건물이 연결은 되어있지만 복잡해서 어른신들은 찾기 어려우실거 같아요~ 취사는 안되구요! 저희는 회포장해서 먹었어요^^ 
호텔이여서 안내하시는분도 친절해요. 
저희는 3인을 예약했습니다. 4명이 함께가서 인원추가를 하려고했는데, 방에 침구가 하나 더 여분이 있어서 사우나 비용만 추가했어요!
정말 가성비최고이고 만족스럽습니다👍👍",10,2025-02-25,,,
자연임다,"숙소 자체는 막 좋단 느낌은 아니에요. 처음 들어갔을 때 꿉꿉한 냄새가 조금 났고 화장실에는 헤어 컨디셔너만 있고 샴푸랑 바디워시가 없었어요ㅠㅠ 나중에 요청하니까 주셨어요. 거실 불도 나가서 안 켜졌고 회장실에서 바퀴벌레도 나왔었어요... 
그래도 넓은 건 장점이고 편안한 분위기에요. 
그리고 숙소 앞에 오색 약수터 계곡이 놀기 너무 좋고 물이 깊고 너무 깨끗해요 최고입니다
고깃집도 있고 비빔밥 집도 있는데 음식점들은 다 맛나네요 ㅎㅎ
청결을 조금 내려놓으면 나쁘지 않은 것 같습니다!
계곡 생각해서 1점 더 드려요",9,2025-08-08,,,
최고최고왕최고,"깔끔한 편이고 오래되었지만 청결합니다
취사시설없는 방이었고 저번과 같은방이라 
신기했는데 뷰가  막혀있어서 ㅠ 아쉬웠습니다",7,2025-08-13,,,
용맹한밤나무,비성수기때 기회가 되어서 가봤는데 정말 좋았어요 날씨도 좋고 다른 후기와 다르게 객실 상태도 좋아 만족합니다. 부모님모시고 와볼만해요 추천! 무엇보다 호텔직원분들이 친절해요,8,2025-07-25,,,
한얼리,"어머니와 서울에서 뚜벅이로 방문했습니다. 
시설은 옛스럽지만 청소가 얼마나 깔끔한지 먼지하나없이 깨끗했고 침대가 너무푹신하지도 딱딱하지도않은 정말편한침대여서 깊이 푹쉬었습니다.
특히 배게높이도 안높아서 더 좋았고
인테리어가 잘되어있는곳가도 청결하지않아서 불쾌한경험이있는데 정말 깨끗했고 방도 테이블도커서 둘이지내기 편하고 좋았습니다. 
탄산온천 찜질방 산책 조식까지 너무너무 좋았습니다 어머님도 좋아하셔서 행복했어요. 
바람부는 가을쯤 다시가고싶네요.",8,2025-07-25,,,
전문적인케이블,"옛향수가 느껴지는 호텔건물이지만 제겐 너무좋았어요*^^*
청결함은 일등입니다^^요청도없었느네 룸도 업그레이드 시켜주시고 욘천욕도 대만족입니다

행복했어요...^^",9,2025-01-26,,,
10세코끼리,"온천,조식 최고예요  용소폭포까지 등산코스도
너무 좋아요",5,2025-07-28,,,
신뢰가고풋풋한기름사탕,"온천의 명불허전 ! 
해발 700m의 위치 +울창한 숲에서  뿜어 나오는 산소들 + 탄산 온천의 효과 !!",6,2025-08-22,,,
복돌이와밥순이,숙소 컨디션은 노후가 되어도 온천수와 주변 경관 그리고 조용한 환경이 노후로인한 불편을 해소시켜주는곳!,5,2025-06-25,,,
남다르고꼼꼼한샤만다,오색 그린야드 탄산온천 이용하려고 투숙했습니다!    물 너무 좋아요! 숙소도 숲속의 콘도느낌이라 아늑하고 면역조식도 맛있었어요! 부모님 만족도가 높았습니다! 근처에 주전골 트래킹도 했는데 안위험하고 즐겁게 올라갈다왔어요! 계곡도 바로앞에 있는데 다리밑에 앉아서 물놀이도하고 엄청 좋았습니다! 1층에 무인카페도 사람들과 대화하기 좋았어요! 2번갔다왔는데 또갈것같아요!,7,2025-07-25,,,
떠나고짱,오래된  숙소지만  약간에 리모덜링후  깨끗하고 직원분도  친절하고..  좋은시간 보내고 갑니다~~,7,2025-07-25,,,
무심장오대수,오색온천에서는.가장 좋은,5,2025-08-05,,,
'25트립홀릭,"국내 유일 천연복합 온천이 있는 호텔로 알칼리 온천과 탄산 온천을 동시에 즐길 수 있어
가성비와 효능을 함께 누릴 수 있는 힐링 온천 호텔로 유명한 곳입니다

알칼리 성분의 오색 온천수는 설악산 한계령 해발 650m 고지대에서 자연용출 된
대한민국 최고의 천연 온천수로서 칼슘, 나트륨, 중탄산 등 인체에 좋은 성분이 다량 함유되어 있어 신경통, 관절염, 통풍, 위장병, 피로회복 등에 뛰어난 효능이 있고

한계령 지하 470m에서 끌어올린 탄산온천은 탄산과 중탄산, 칼슘, 철 등 인체에 좋은 성분을 함유한 저온 탄산 온천입니다.

자연 용출 온도 22~27℃, 탄산 함유량 CO2 1,090ppm 검증된 온천으로 혈압 강하, 동맥 질환 개선, 신경통, 관절염 및 면역세포 활성화에 효능이 있어 완벽한 천연복합 온천을 즐길 수 있죠

그리고 깨끗하고 쾌적한 찜질방이 있어 쉬면서 놀면서 땀도 쫙~~뺄 수 있죠!!

편백황토방, 면역황토방, 면역소금방, 면역소나무방, 면역보석방, 45도~50도 데워진 바위에 누워 심신을 따뜻하게 하는 목욕법, 암반파동욕장도 가지고 있는데다가 106℃ 열 가마까지 있어 온천과 찜질을 단돈 2만 원(투숙객 성인 1인)으로 완벽하게 즐길 수 있는 호텔입니다.

그렇다면  숙소가 별로인 거 아니냐? 아니에요!!

2명이 지내기 충~분한, 너무나도 따뜻한 객실은 화장실과 룸으로 구성되어 있는데
침구류 컨디션이 제가 다녀본 5성급 호텔보다도 더 좋을 만큼 포근하고 깨끗합니다.

1인 온천과 찜질방 포함 1박 2일 평일 9만 원, 주말 14만 원으로 즐기는 오색그린야드 호텔!!

완벽한 가성비 온천 호텔에서 가족, 친구, 연인과 함께 즐기기 정말 좋은 곳이였어요",10,2025-02-25,,,
밝고독특한사래,호텔이지만 시설은 잘꾸민 펜션수준이지만 부족한 모든 부분을 자연과 직원들이 채워서 5점입니다 탄산온천과 설악산속의 자연은 세계어디와도 바꾸지 않겠다 하는 마음이고 오랫동안 잘키워진 실내의 식물들이 감탄을 자아냅니다 몸이 불편하신 어머니와 갔는데 직원분들의 배려와 친절로 감사했습니다,5,2025-07-25,,,
수진투,"여기는 진짜 추천하는 곳!!

탄산온천은 생각보다 목욕탕인가 느낄 수 있지만 물이 진짜 좋아요. 
유황보다는 매끄러운 느낌 보다는 뻣뻣한 느낌이 남지만 약욕처럼 하고 나면 뭔가 개운합니다. 

여느 온천처럼 뜨끈한 물 아니라 당황할 수 있지만 적힌 방법대로 즐기면 건강해지는 느낌임

사실 호텔 자체는 시설이 뛰어나진 않고, 오래되었다보니 옛날 콘도 혹은 유스호스텔 느낌이 짙음. 여기저기 리모델링으로 깔끔하긴 해서 저는 너무 만족

추가로 웰니스호텔인 분류치고는 다 가성비가 좋아요. 온천+암반파동욕, 조식도 건강식에 가격도 나쁘지 않고 사실 레스토랑도 대단히 비싸지 않고 맛도 괜찮아요! 

앞에 산채식당촌 있어서 외진곳에 있다해도 불편함은 없습니다. 

효도 여행으로 1-2박하기 좋아요!!",9,2024-12-27,,,
졸려졸려졸려,"숙소는 지어진지 오래된것치고는 깔끔하고 깨끗합니다
온천과 찜질은 너무너무 좋아서 연속 이틀 이용했습니다
모든 직원분들이 친절하시고 조식도 맛있는 건강식으로 모든 가족들이 만족했네요
매년 오고싶어요",6,2025-07-30,,,
모험심있고다감한약과,"처음방문한 오색그린야드호텔~♡♡♡
설악산 숲속에 조용한 휴식처 도착 하자마자  마음에 쏙...~  엄마도 저도 넘 만족하며  잘쉬였다 왔네요... 탄산온천 에서 피곤했던 여독도 풀고  엄마랑 좋은시간 보내고 왔어요.. 청청한 숲공기, 쉬원한 바람 , 편리한교통편... GOOD~~!",8,2024-08-29,,,
mj660719,대체로 만족스러웟어요 ㅡ다만 더운데 방하나에 에어콘이 안되는데 선풍기가 준비 안되잇어서 아쉬워서 별하나씩 뺏네요,6,2025-08-08,,,
주도적이고예술적인구름,시설은 오래됐지만 깨끗하고 온천과 조식뷔페도 좋았어요~,6,2025-08-18,,,
유은호89,"여긴 부모님이 정말 좋아하시는
숙소에요~ 혹시 부모님께 효도하고 싶다면 여기 어색탄산온천에서 함께 목욕도 하시고 설악 오색약수 트래킹 코스를 정말 추천합니다! 힘들지
않아서 산책한다고 생각하시고 쭉 돌면 경치가 진짜 아름다워요~ 일정 잘 맞추시면 양양 5일장도 근처에 있으니 볼거리 맛있는 음식도 충분합니다!!
30분이면 속초 양양 바닷가로도 넘어갈
수 있으니 한번씩 리프레쉬하기
정말 좋은거 같습니다!! 객실이
조금 노후 되었지만 침구는 깨끗하고 관리
잘 되어있습니다~ 재방문할게요!!",9,2025-04-26,,,
조용하고평범한유황온천,"객실내 전기코드시설등 너불편합니다
그래도 호텔이라면 수건정도는 고급형이여야 한다고 생각합니다 얇은수건이라 모자람니다
호텔에는 변기도 그냥 쌩변기!!
그래도 비대는 기본이 되어야 되지 않을까요",7,2025-07-25,,,
hansyoon,부모님과 가족여행으로 좋음,5,2025-07-25,,,
11중대장,"직업 특성상 전국을 자주 다녀서 출장차 오게 되었네요^^ 동네 타 숙소에 비해서 가격도 좋고 숙소 ㅋ내 외관 컨디션이 좋았습니다. 그리고 숙소를 선택할때는 담배냄새 안나고 무엇보다도 깨끗한 곳으로
선택을 합니다. 침구류 세탁상태와 청소상태 너무나 좋구요 너무 편히 쉴수 있어서 정말 가성비가 최고입니다. 다음에 출장 오더라도 또 오고싶은 숙소이고 사장도 정말 너무 친절하시고 웃는 얼굴로 
맞이해주셔서 기분 좋았네요. 너무 잘쉬다 갑니다. 담에 또 오고싶은 숙소네요^^ 많이 애용해주세요",7,2024-09-28,,,
제리마미,잘 사용했습니다ㆍ조금 시설은 낡았지만 객실이 넓어서 좋았습니다,5,2025-07-25,,,
행이행이행이,"온천과 찜질방은 너무 좋았습니다. 
깨끗한 편이고 개인적으로  찜질방이  너무 맘에 들었습니다. 객실은 패밀리형을 썼는데 곰팡이 같은 냄새가  나서 계속 창문 열어놓고 환기 했습니다.
객실만 좀 더 쾌적하면 참 좋을것 같습니다. 공기는 맑고 여름인데도 시원해서 좋았습니다.",6,2025-08-18,,,
반달빵내사랑,"오래된 호텔로 많은 기대하지 않았지만 너무 청결하고 편하게 쉬다갑니다
에어컨도 벽걸이가 아닌 스탠드 빵빵하고~~~
온천은 정말이지 자주 오고싶을정도로 좋았습니다.",6,2025-07-25,,,
kyunho,"깨끗하고 서비스 좋고 편의시설 좋고.  온천시설도 좋고.
아래 동네 음식점타운도 좋습니다.",6,2025-07-25,,,
쉰둘전갈,"시설은 오래됐으나
깨끗하고 온천패키지이용해서 온천도하고 편하게 쉬었다왔습니다",8,2025-06-25,,,
jhnjh1,오색 그린야드 호텔은 양양 한계령 초입 부근에 위치한 오래된? 호텔인데요 이번에 처음 가보니 유명한 탄산온천과 찜질방이 사람들에게 유명한곳인것 같았습니다 물론 위치가 위치인지라 접근성이 좋친 않으나 그런만큼 설악산자락의 느낌을 즐기기엔 좋은곳인것 같습니다 겨울에 방문하니 온천과 찜질방은 많은 사람들이 방문하는 곳인거 같네요 호텔 내부 식당에서 밥을 해결해도 좋을것 같구요 외부에는 주전골로 가셔야 식당 이 있습니다 단 겨울에는 주전골 까지 가는데 빙판 조심 하셔야 합니다 차도 사람도 다 미끄러져요,9,2025-01-26,,,
강렬하고활발한하의,시설은 오래되었지만 청결상태는 무난했습니다. 힐링했습니다~,5,2025-07-25,,,
이미도,"탄산온천 패키지로 다녀왔습니다 
시설은 오래됐으나 청결했습니다.",7,2025-04-26,,,
animaldrk,너무 깨끗하고 맘에 들었습니다,5,2025-07-28,,,
'25트립홀릭,"외관은 시골 산장 같은 느낌이지만 실내는 밝고 괜찮았습니다 룸 상태도 너무 좋고 깨끗했습니다 화장실 냄새도 안 나고 물 때도 없어서 잘 지낼 수 있었고 특히 침대 컨디션이 너무 좋아서 만족도가 높았습니다

별도 비용이 있지만 찜질방과 온천을 합쳐 2만원에 이용 할 수 있었는데 아주 만족도가 높았어요

다양한 찜질방에서 하루 종일 뜨끈하게 찜질을 즐기고 식당도 있어서 식사도 가능했습니다.

마무리는 온천에서 다시 한번 푹~~  지지니 만족도가 아주 높죠

온천 후 일주일 가량 몸이 매끈매끈하더라고요 너무 좋았습니다",10,2025-02-25,,,
여행즐기는녀자,온천이용때문에 오색그린야드 이용합니다.  넓고 좋아요. 다만 화장대뒤에 빈페트병이...청소하다 놓쳤겠지요.,5,2025-04-26,,,
pns김석환,잘쉬다가왔습니다 만족,6,2025-07-25,,,
북한산업그레이드,가성비 짱인곳 천혜의 자연을 만끽하고 찜질까지 할수있어요. 탄산온천하고나면 피부가 부들부들,6,2025-06-25,,,
붕조아,옛스러움이 묻어있는 곳에서 편하게 쉬었다 갑니다,6,2025-06-25,,,
가끔대타,"오늘은 둘째날이다 어제 너무 잘먹고 잘쉬었던터라 푹자고 아침에 호텔식당으로 조식을 먹으러갔다 역시 일요일 투숙객이 많아서인지 이른시간부터 뷔페식당에 사람이 많다 자리를 잡고 호텔식당에서 제공하는 아침식사를 맛있게 먹고 객실로 돌아와 잠시 창밖도 구경하고 오늘 돌아다닐것에 이것저것 소지품을 챙겨 나왔다 원래 생각에는 정선 케이블카와 정선장 그리고 강릉에 가볼려고 했는데 갑자기 맘이 바뀌어서 속초시내에서 다녀보자고해서 e마트도 가서 몇가지 구입하고  전망좋은 카페에도 가보고 매번 올때마다 가는곳이지만 그래도 올때마다 새롭게 느껴진다 요즘 세상분위기가 어수선하지만 나름 몸맛, 눈맛, 입맛으로 해소했다 뭐 별거있나... 하면서 말이다 막막 여기저기 돌아다니다보니 시간도 잘가 점심때라서 잘 차려준다는 횟집에 왔는데 다소 아쉬웠지만 그런대로 점심을 먹고 구경 잘하고 오늘저녁은 호텔에서 간단히 먹을려고 먹거리 몇가지와 와인을 사와서 호텔에서 편히 지냈다 매번 생각하는거지만 왜이리 시간은 빨리가는지 모르겠다 내일을위해 오늘도 일찍 잠을 청했다 나이가 60대에 들어서니 생각도 맘같지가 않네... 온캉스로 쉴려는 맘으로 왔지만 그래도 낮에는 좀더 많은곳을 돌아다닐 생각이었는데 아내도 나와 같은 생각인것 같다 ㅎㅎ 마지막날은 귀가하는날이라 좀 일찍 체크아웃하고 온천후 어제 못간 강릉쪽으로 귀가길을 정했기때문에 느긋하게 온천장에 들어가보니 첫날,둘째날보다 사람도 적고  아침온천이 너무 깨끗하고 조용하고 좋다 이번 오색그린야드호텔에서 지낸 온캉스도 만족하면서 차단기가 열린다~",9,2025-03-27,,,
nothing2,"주흘골..탐방로를 호텔 산책로로 이용할수 있다는 점 만으로 강추..
산보코스가 왕복 2시간반
등선대식당에서 저녁먹고
호텔 온천/찜질방 10시까지 이용하면
최고의 하루여행",9,2025-04-26,,,
smk7548,아주아주아주 좋았어요,5,2025-08-20,,,
펄펄한방전,"샤워 수도 약해요
물도 안 따뜻해요
에어컨  안시원해요",5,2025-06-25,,,
멀끔한현실,"너무좋았어요.
어른들이좋아하셨네요.
온천좋아요",5,2024-08-24,,,
고으니지니,"편의점이 같이 있어서 맥주 한캔할 수 있었어요
설악산 등산에 아주 최적화 된 호텔이에요",7,2025-06-25,,,
가끔대타,이번 여행은 아내와 둘이 가지만 온전히  숙박하면서  탄산온천을 즐기면서 쉴려는 마음으로 첫날은 오색그린야드호텔 25평 오색풀패키지로 정했다 조식과 온천을 함께 즐기면서 은둔형으로 지냈다 온천권도 1박에 기준인원 3매를 받을수 있고 아침에 외부로 나가지 않고 호텔식당에서 간단히 아침식사도 할겸 매번 갈때마다 패키지 숙박권을 이용하면 특별히 신경쓸일도 없고해서 주말이 아닌 일요일부터는 비용도 가성비가 좋아 주변산책도 하고 마믐이 여유로워지기 때문이다 이번여행도 연박으로 둘째날은 같은 평수의 온캉스 패키지로 예약을 했기때문에 체크인시 같은소실 연박으로 체크인했다 이러면 온천권만 6매와 2인조식권을 받을수 있어 필요할때 온천과 조식을 이용할수 있어서 좋다 A동쪽은 이번이 처음이었는데 체크인후 5층 객실을 확인하는데 객실내 욕실 환풍기가 되지 않아 카운터에 얘기하니 이날은 25평형이 ㅇ소두 에약완료되었다면서 무료로 같은동 3층의 30평형으로 업그레이드를 해주었는데 투숙인원에 비해 크지만 이런 서비스 제공도 마음에 든다 물론 싫은 내색없이 고객의 요청사항을 바로 조치해주는것도 이번여행의 시작부터 머무르는 내내 기분이 좋았다 투숙객과 방문객이 많아 첫날 온천은 가볍게하고 지난 연말방문시에는 대포항 난전에서 포장을해와 호텔에서 지냈기때문에 이번엔 지난번때 친절했던 곳으로 바로 저녁을 먹으러 나갔고 역시 기분좋게 저녁을 먹고 구경도하고  간식거리를 사와서 호텔에서 편하게 첫날을 보냈다 아내도 좋아하니 이번 온천여행도 오색그린야드호텔로 온게 잘한것 같은 생각을 하며 잠을 청했다 아내가 워낙 탄산온천을 좋아하니 덩달아 나도 기분좋고 이번여행지로 이곳을 선택한게 잘한것 같다 내일은 아침에 조식을 먹고 온천후 강릉쪽을 가볼 생각이다,10,2025-03-27,,,
seon6940,직원분들 친절하시고 숙소도깨끚하고 잘쉬었다 갑니다,5,2025-06-25,,,
다정하고자신감있는기관차,"지난번보다 숙소가 더 청결하고 침대도 괜찮았습니다
온천수는 제일 좋습니다~~",7,2024-10-28,,,
아산온천브랜던,자주 방문하는 곳입니다,5,2024-08-24,,,
오늘도멋지게7,전반적으로 만족합니다,5,2025-07-25,,,
알렉산드리아국숫발,"직원분들 친절하시고 온천욕장도 깨끗해서 좋았어요.
헌데 어딜 여행다녀도 잠을 자고 나서 몸이 이곳저곳 쑤시고 잠자리 불편하긴 첨이네요.ㅜㅜ
남편도 침대 불편하다하구 하다못해 모텔도 다른건 몰라도 침대는 늘 편했는데말이죠.ㅜㅜ
세면대 마개는 빠지지않아서 겨우 빼서 물 뺐네요.
평일이라 사람없고 조용해서 패키지로 저렴해서 좋긴한데 
숙소+온천욕+조식중 숙소가 제일 점수가 주고싶진않네요.
담엔 물이 좋아 부모님도 모시고 올까하는데 그땐 그냥침대말고 온돌방 같은곳을 이용해봐야겠어요.",8,2025-04-26,,,
종족적인오리알,솔직히 곰팡이 냄새 조금 많이 났고 습했어요. 직원분들은 친절하셨습니다.,5,2025-08-14,,,
Preezia,"숙박 시설이 조금 낡았어요. 
나름 청결는 합니다. 
온천은 가격에 비해 샴프 및 린스가 없어 서비스 면에서
조금 아쉽습니다. 
오천자체는 좋습니다.",6,2024-10-28,,,
소소하고푸른화원동산,"오래된 숙소이긴하나
침구및 객실바닥 맨발로 다녀도 쾌적함에
기분이 좋고 온천  또한 굿굿
제대로 휠링하고왓습니다",7,2024-12-27,,,
10세코끼리,"온천여행으로 최고인듯요!
웰빙조식도 최고였어요",8,2025-01-26,,,
파롱화이팅,예전엔 다른곳에서 묵고 온천만 하러 들렸었는데 이번엔 호텔도 함께 예약하여 편안하게 쉬었다갑니다. 온천은 다괜찮은데 찜질방이 생각보단 넘협소하여 살짝 실망감이 있었네요ㅎ 전엔 온천만 후딱하고 나간지라 찜질방은 이번이 첨이용이에요ㅎ 오래된 호텔이라 기대는 안했지만 룸에 가구나 집기들은 너무오래되어 업그레이드 좀하지ᆢ싶었습니다. 하지만 편하게 잘쉬어 좋은 추억남기고 돌아왔네요^^,7,2025-04-26,,,
인도고문관,가는길이 힘들었으나 엄청따뜻해서 이른저녁먹고  푹쉬고 온천을갔어요 사람도많지않고 조요한분위기였는데 중국분들이와서 마구떠들어서 힘들었네요 찜방은 휴식공간도 꽤있어 편했는데 찜질을 돈주고하진않을 ?! 탕은 앉아서때미는곳이 자리는 많이있었으나 의자가 없어 앉을수도없고 탕입구부터 인변 냄새가 탕안밖으로 나서 후딱 샤워만했어요 온천과찜질하러 않갈거임 직원은 대체로 밝거나 친절한분위기는아니였어요 이벤트가격아님 않갈래요,6,2025-02-25,,,
아즈무니,시설은 오래됐지만 직원도  친절하고 공기도 너무 좋았습니다,6,2024-10-28,,,
무심장오대수,가족끼리 가서 하루 지내기에는 좋아요..,8,2025-06-25,,,
동동이쿤,무엇보다 온천이 좋았어요 완전 부모님들도 다좋아했구요 다음에도 좋은기회가 되었으면 좋겠네여^_^,5,2025-07-25,,,
오삼용,"건물이 오래된거는 알지만
청소와 위생은 신경을 안쓰는거 같네요
욕실에 벌*가 나오네요 ㅠㅠ
공동난방으로 방안에 소음이 너무 커서
잠을 못 이루었네요
사우나 온천도 시설이 노화되어서
탕내 냄새와 그닥 깨끗하지는 않습니다",9,2025-03-27,,,
조용하고소박한경복궁,카펫이 아니고 신발을 벗고 들어가서 쾌적해요 화장실에서 살짝 하수도 냄새 비슷하게 나는거 빼곤 좋았어요 수압은 약했지만 온천수는 피부에 정말 좋은거 같아 재방문하고 싶어요,7,2024-10-28,,,
nothing2,"주변 주전골 산책로
온천
찜질방이용시
가성비 최고",8,2025-02-25,,,
용소폭포옷,"화장실등 시설이 오래되었지만
청결하고 대부분 만족합니다",5,2025-01-26,,,
가끔대타,"어제는 온캉스패키지 호텔디럭스 25평으로 예약해서 탄산온천과 찜질로 만족하는 호캉스를 즐겼습니다 저녁엔 대포항에 가서 사이즈 좋은 kg가넘는 무늬오징어와 도다리,자연산멍게로 포장해와서 숙소에서 조용한 만찬도 했습니다 아침부터 탄산온천도 느긋하게 즐기니 여유가 있네요~ 우리는 내일까지 연박으로 예약을 했고 2박째는 5색풀패키지입니다 숙소는 같은 숙소를 사용하는게 편하기도 해서 그냥 같은 객실에서 쉬기로 했네요 이제 점심 먹고 둘러보러 나갑니다",8,2024-11-27,,,
스프링퐁퐁컬리맘,"호텔이 연식은 좀 된것 같지만  방이 청결하고 방음도 잘되는것 같아서 푹 쉬다 왔어요 겨울이지만 춥지 않고 따뜻하니 딱 좋았어요 특히 침구가 뽀송뽀송하니 무지 깨끗했습니다!! 전체적으로 관리가 잘 되고 있는것 같은 느낌이였습니다
온천찜질방 할인도 받고 알차게 보내다 왔어요~
부모님들 모시고 다녀오시면 좋을듯요~",7,2025-01-26,,,
레몬주세요,"건물자체가 노후되다보니 시설도 상태가 썩 좋은 상태는 아님 
그래도 고객응대나 객실컨디션은 괜찮음
편의점 좋아하시는분 아니면 먹고 들어오시는게 좋을듯함",6,2025-03-27,,,
우리윤수아빠,"서비스 매우 좋고 다들 너무 친절하게 응대해주세요.
찜질방, 목욕탕 시설 다 잘 관리되어 있습니다. 객실 넓고 쾌적하고 깨끗합니다.
단, 객실 내부 인테리어가 낡았습니다만 저흰 관리가 잘되어 있어서 기분좋게 사용했습니다.",6,2025-04-26,,,
진솔된똬리,오래됐지만 관리가 잘 되고 있어 불편한 점 없이 잘 쉬다갑니다^^ 탄산온천 찜질방 너무 좋았어요~,5,2025-01-26,,,
TOEIC,"기본 공기좋아요
탄산온천 탄산이 너무 없어진것이 실망",6,2024-08-24,,,
cooldoll,"생각보다 넓어서 좋았습니다
설악산 주전골, 흘림골, 오색, 한계령, 장수대 코스 등산의 최적 장소입니다.",5,2024-08-24,,,
오돌토돌한에러,"시설은 오래됐지만 깨끗하고 
무엇보다도 탄산온천 가기 편해서 자주 이용합니다",7,2025-04-26,,,
오삼용,"청소는 하는건지 모르겠네요
아무리 노후가 된 건물이지만..
청결과 청소는 다른거 아닌가요?
공동난방이라 새벽에는 추워요ㅠㅠ",8,2025-04-26,,,
온천빌런맥스,"객실별로 다를수도 있으나 
1. 방충망 불량
2. 수압약함
3. 변기 휴지걸이 배치 별로
4. TV 작음

온천은 시설은 매우 완벽함",6,2025-04-26,,,
퍼플70,"객실은 깨끗하지만 
온천은  파우더룸이  바닥이 차가워 좋은 느낌은 없고 물이 좋아  머릿결도 좋아 보였고 
탄산수에 대한 좋은 경험을  하고 왔다",6,2025-03-27,,,
신뢰가고풋풋한기름사탕,"시설은 오래 되서 낡았지만
잘 관리되어 있고 청정 지역이 주는 상쾌함은 그 어느 곳과도 비교불가! 
특히 탄산 온천 & 알칼리 온천 최고 !",6,2025-04-26,,,
내멋대로간다,아늑하고 온천이용편하게 하고 기분좋은 하루였습니다,6,2024-12-27,,,
cooldoll,"생가보다 넓어서 좋았습니다
개수대가 방에 한개더 있어 편했고요",5,2024-08-24,,,
happyday09,오래되고 낡아서 깨끗하게 보이지 않습니다,7,2025-01-26,,,
호호희희다,"온천과 사우나가 붙어 있는 컨셉의 호텔은 오랜만에 갔는데 정말로 만족도가 좋았습니다.
다만 워낙 예전에 만들었던 건물이라서 그런지 약간 오랜물건들로 구성되어있지만 정겨웠습니다",5,2024-12-27,,,
지배적인음지,"오래된곳인거 같지만 위치도 좋고
넓아서 좋았어요
온천도 맘에 들었어요
찜질방이 방방으로 되어있어서 이건 불편했어요
전체 휴게실도 따뜻하면 좋겠어요",6,2025-03-27,,,
한산도사탕가루,"탄산온천이 궁금해서갔는데
연식이있지만 숙소가 아늑하고 따뜻했어요
앞에 식당들도 맛있고
탄산온천도 좋았습니다!
또갈게요",9,2025-03-27,,,
감감한아들,숙소는 오래됐으나 주변 경치가 좋고 주변에 오색약수 먹거리촌이랑 계곡이 있어서 가족여행으로 나쁘지 않았음,6,2024-08-29,,,
오돌토돌한에러,매번 온천만 하다가 찜질방은 처음 가봤는데 너무 좋네요,7,2025-04-26,,,
무시무시한자생식물,"확실히 오랜된 숙소 느낌이 나네요.
숙소 냉장고는 냉장이 아니고 냉동실인지 물이 얼었어요 ..
그리고 헤어드라이기도 옛날꺼라 되긴하지만 손잡이가 벌어져있고 그래요… 
온천은 나름 괜찮았습니다.",6,2025-01-26,,,
소소하고알록달록한63세,"넘넘넘오래돼서쾌쾌하고  욕실은 문도잘안닫히고  암튼전체적으로.
굉장히별로였다",5,2025-08-12,,,
나무천재12,숙소보다 온천과 찜질이 최고인것같아요,5,2025-04-26,,,
꼬들꼬들한극피동물,온천 할겸 왔는데  넘 좋았어요,5,2024-12-27,,,
크리벤시스,"조용히 가족들과 지내기 좋은 장소 였음.
사우나탕 좋아요!",5,2024-08-24,,,
제로의힘,"숙소컨디션 중간
청결도 중간
난방 최악 
여기는 난방을 저녁에한번 새벽에한번 2번 잠깐난방해주고 아침에는 안해줍니다
호텔이라는곳이 가족여행을가서 추워서 밤새떨다가왔습니다
새벽에 3~4시경 너무추워서 카운터로 전화를 3번이나했는데 않받더군요 하도추워서 옷 을입고 점퍼를입고 자다가 아침에 전화하니 잠깐씩 2번만 난방 넣어주고 새벽에는 않넣어준다더군요 
어이없어서 호텔방에서 추워서 덜덜 떠는게 말이되냐고하니 시설팀에 말해보겠다 죄송하다가 끝입니다 퇴실하면서 카운터에 말하니 최송하다고 끝입니다
총 지배인불러서 새벽에 카운터는 연락도 안되고 난방은 안해주고 뭐하는거냐고 하니 시설팀에 말해보겠다고 하고 끝입니다 죄송하다고만하고 끝이구요  덕분에 4식구가 덜덜떨다가 감기만걸려서 퇴실했습니다 다시는 안갈겁니다 오색그린야드호텔 ~~완전 비추천입니다",9,2025-01-26,,,
수진투,"효도관광으로도 혼자 힐링으로도 좋은 곳입니다!
다만 위치가 산 밑이라 암것두 없음",6,2025-03-27,,,
위협적인탄알,"노쇠화되긴 했지만
깔끔하고 친절한 호텔",6,2025-05-26,,,
절구마눌절구통,"성인4가족 여행 만족입니다
담에 또 올 예정",8,2025-01-26,,,
다연여신,온천 포함 패키지로 이용했어요 직원분 친절하시고 가성비 최고에요,6,2024-11-27,,,
탱탱구리여,"설악산 등산객에 가성비 좋은 호텔이네요
살악산 등산 접근성도 좋구요.
온천 규모도 상당히 크고 좋습니다",6,2024-08-29,,,
다분한고추가루,온천은 좋으나 객실 상태  노후되 있고 수압이 약해서 씻기가 불편했다,6,2025-07-25,,,
의욕적이고활동적인철마공원,방도 넓고 쾌적합니다. 주위 풍광이 아주 좋아요. 지하의 온천탕도 너무좋습니다,6,2024-11-27,,,
빠뜨랑제,오색온천 패키지로 머물렀는데 탄산 온천 너무 좋습니다,7,2025-05-26,,,
용맹하고활동적인빅터,"온천 이용하려고
하루 숙박했는데
숙소 자체는
굉장히 오래된 느낌이고
보수가 많이 필요해보였습니다",6,2025-05-26,,,
포틀랜드폴,숙소 로비부터 냄새가 너무 좋아요,6,2024-10-28,,,
다분한고추가루,방음이 안되고 수압도 아주 약하고 뜨거운물 잘안나옴,6,2025-02-25,,,
탄광,좋았습니다 번창하세요,5,2025-06-25,,,
평탄한소화,"1. 장점:  주전골 흘림골 주변트레킹후 묵을 만한곳은 여기가 제일좋습니다. 
주변모텔도 많으나 서비스청결 객실상태등 따지면 호텔 만한곳이 없음.
지하에 온천이 있어 몸 풀기좋음.
주차도 토요일기준 넉넉하다고는 볼수없ㅇ으나 주차는 가능함.

2.단점 : 
30평 베란다  출입이 안되도록 락이걸려 있음 왜 그럴까요? 
이건 다른 리뷰에도 있지만. 욕실 수압이 너무 안좋습니다. 스님과 군인들 이외에는  머리감기가 불가할 정도로 쫄쫄쫄  흘러서 객실내서 제대노 씻기가 힘듬. 아마대부분 온천 이용하는거 같음.",10,2024-10-28,,,
이천버니즈마운틴,"재방문 하겠습니다 ^^
방에서도 온천수라니",7,2024-12-27,,,
앗4,"재방문인데
새로 리모델링 한것 같네요~^^
시설이 많이 깨끗해지고 좋이졌네요.
또 올겁니다~~~",6,2025-04-26,,,
다정하고활동적인증손,"직원들은 친절합니다만, 시걸운 너무 노후되어..",5,2025-01-26,,,
쭈누쭈누80,동생네와 탄산온천이 좋다해서 왔는데 너무 놀랐습니다. 물 온도 때문에 이런 온천은 처음이라 당황했습니다만 금방 적응하고 두 번 들어가고 못 들어갔습니다. 물 온도가 22-27도입니다. 색은 흙색에 철 냄새가 나고 들어가 앉아 있으면 몸에 탄산 기포가 생기는 신기한 체험을 경험해 보아서 좋았습니다~ 어르신들이 엄청 많았습니다. 남탕도 마찬가지라 신랑이 그러더군요~ 관절염도 낫는다 하니 한 번쯤 부모님 모시고 가보시면 좋을 것 같습니다. 방도 리뉴얼해서 넓고 깔끔해서 편하게 하루를 보냈으나 샤워실 수전을 계속 눌러줘야 하는 게 너무 불편했습니다. 그것 빼고는 직원분들도 친절하시고 물도 좋고 공기도 좋아서 즐거운 가족 여행이었습니다.,10,2024-10-28,,,
GC15008335600,"부모님 예약 해드렸는데, 방이 모텔보다 별로라고…방 말고는 좋다 하셨습니다",6,2025-03-27,,,
조용하고알록달록한진주성,"좋아요~
설악산 숲세권 최고 👍",5,2025-03-27,,,
리시안셔스설레임,깨끗하고 직원분들 친절하시구 온천 너무 좋아요 잘 쉬다갑니다,5,2025-01-26,,,
때린다널,3만원짜리 조식이 아주 별로였음. 이거랑 온천때문에 오는건데 두 번 안올듯. 바이.,9,2025-02-25,,,
어여쁜중식,"오래된 느낌은 있었지만 깔끔하게 관리가 잘 되어 있고 방도 따뜻하고 온천도 찜질방도 잘 즐기고 갑니다.
전 직원분들이 다 친절하셔서 불편함 하나 없었네요.
온천 오고 싶을때마다 오려고요~~",8,2025-02-25,,,
이뻐서탈,숙소는 오래되어 우풍이 심해 자는데 조금 추웠네요 하지만 탄산온천은 좋았어요 ~~~,5,2025-01-26,,,
얼맞은야자수,진짜 좋았습니다. 방도 따뜻했어요~,5,2025-02-25,,,
데렉남,설악산 앞 최고의 접근 숙소,5,2024-11-27,,,
코큰행배,숙소는 그냥그럼 온천매표소 직원은 불친절함 먼가짜증이 가득차있음 한마디할까하다 그냥 여행기분 망치고싶지않아 참았음 온천 노천탕은 하수구냄새나고  이물질 너무 많아 들어가기조차싫었음 관리자한테 얘니하니 겨울이라 그런다하고  그담부턴노천탕 봉쉐함 암튼다시는 가고싶지않음,7,2025-02-25,,,
간간하고가냘픈생태숲,어른들 모시고 연휴 보내기 좋습니다,5,2025-02-25,,,
잔인한파자마,샤워시설 보수 필요합니다,7,2025-05-26,,,
다분한고추가루,노후되고 수압 도 엄청 약하고 층간소음 심항ㅇ,6,2025-05-26,,,
초세이,숙소가 오래되어서 낡은 부분이 많고 객실 청소가 잘 안되어 있어요. 테이블에 음식흘린것도 그대로 있고 포트기 안에는 담겨진 물이 그대로 있었습니다. 다시는 안갈것 같아요,5,2024-11-27,,,
배방햄주먹,침대밑에 이런게 있네요 아무리 오래된 호텔이라지만 이건좀 심한거 아닙니까 추억여행으로 가족여행 왔다가 이런거 보고나니 다신오고싶지않네요,7,2024-09-28,,,
투쓰리스,"오래된 숙소이지만 온천 이용할 수 있어 참 좋습니다. 시내랑은 거리가 좀 있지만 설악산, 양양, 속초 등 구경다니기 좋아요. 궂은 날씨에 방문했지만 날씨가 안좋으면 안좋은대로, 좋으면 좋은대로 좋은 곳 같습니다.
일요일에 숙박했음에도 숙박객이 많았네요. 쿠폰 활용해서 저렴하게 이용할 수 있어 좋았습니다. 전반적으로 가성비, 위치, 서비스 모두 만족스러웠습니다.",8,2023-08-25,,,
고고씽굿,"밤늦게 도착해서 따뜻해서좋았어요 A동 복도는 수리가필요해보여요ㅠ페인트다벗겨지고 수건으로 물떨어짐방지등 곰팡이 보기안좋네요ㅠ
다행히 객실은 오래된것에 비해 깨끗했어요
온천을 하기 위해 자주 오는 곳입니다. 편안하게 자고 아침에 깨끗하게 씻고 나가면 좋을 것 같아요. 부모님을 모시고 왔습니다. 주변 올레길도 걸어보려구요. 단풍도 예쁘게 들었네요. 객실도 따뜻하고 침구도 깨끗하였습니다. 편안하게 쉬다가 갈 수 있을 것 같아요. 감사합니다~~ 다음에 또 애용할게요",9,2024-11-27,,,
우툴두툴한맨체스터테리어,"평점이 이거보단 더 높아도 될거같음. 난 여기 추천함.

1. 방 넓고 쾌적함. 베란다 밖으로 바로 산이 있는데 단풍 마지막 끝자락이 이쁘게 물들어서 커튼 걷고 보기 좋았음.
2. 더블베드는 거실에, 싱글베드는 방 안에 있는데 불편함없이 좋았음.
3. 중앙난방이라 입실할때부터 따끈따끈하더니... 나중에 저녁에는 너무 더워서(;;;) 결국 에어컨을 약하게 키고 잤음;;;; 건조할 정도로 너무 더움. 창문을 열기엔 뒤가 또 산이라 방충망은 있지만 벌레가 오는게 싫어서 못열었음.
4. 화장실 깨끗. 수압 약하다는 리뷰 몇개 보이던데 방마다 차이가 있나봄. 내가 묵었던 숙소는 잘 나옴.
5. 어메니티는 없음. 칫솔치약은 구비해가야함. 샴푸 린스 바디 있고.
6. 생수병 제공. 
7. 넷플 가능.
8. 숙소가 완전 설악오색주전골 바로 옆임. 숙소에서 걸어서 3분 정도 풍경 즐기며 내려 가면 산 입구에 음식들 있듯이 쭈르르 즐비해있고, 거기에서 5분 정도 더 가면 설악오색주전골 입구임.
9. 단, 오전에는 문 닫은 음식점등도 있음. 폐업한 곳도 좀 있음.
10. 호텔 조식은 1인 3만원이라 함. 보지를 않아서 어떠한지는 모름.
11. 찜질방은 조금 연식이 되어보이는 내부 인테리어지만 안의 시설은 잘 이용했음.
12. 온천탕이 더 잘 갖춰져있음. 노천탕까지도 이쁘게 꾸며놓음.
13. 이 숙소에서 10~15분 정도 걸어올라가면 설악산 트레킹 입구가 나오는데, 여기(남쪽)에서 입장하는 곳은 11월15일부터 한달간 입산 금지임.
14. 저녁에 회 먹고싶어서, 양양 낙산항 회센터까지 30분 차 타고 나가서 사왔음. 회센터 푯말이 불이 꺼져있어서 안하는 줄 알았음;; 어두워도 한번 쭉 들어가보면 안쪽에서 영업 하고 있음. 첫번째 집인 바다이야기 에서 보통 그냥 다 사간다고 하는데 여기 너무 베쌈;;; 불편하더라도 더더더 쮹 안으로 들어가몬 더 많은 회 잡아서 손질해주는 곳들 많음. 

암튼. 숙소 괜찮습니다. 벌레 하나 없고, 뭣보다 산새가 너무 이뻐서, 어설프게스리 펜션들이 경치 좋다고 자랑해놓는 왠만한 곳들보다 백배 천배 좋습니다. 아무렴 설악산의 풍경을 이기겠습니까. 조용하고 바로 엎에 냇가있어서 뮬가 흐르는 소리와 바람에 나무들 움질이는 소리에 산책하면 힐링하기 딱 좋아요.
막 놀꺼리는 없슴다. 그래서 더 강추.",10,2024-11-27,,,
펭수특공대,"전반적으로 호텔이 맞는곳 모텔이 호텔이름 붙여서 하는곳이 아니에요!
오래된 호텔같지만 관리가 잘되서 저는 더 좋드라구요~ 유명한 새 호텔가보면 청소상태나 편의시설등 불편한점이 많은데 이곳은 재방문의사 100%이고 부모님 뷰시고 오려구요!
오히려 시설대비 매우 싼가격에 이용한거 같아요

저는 방+찜질 패키지로 예약했는데
다음에는 조식까지 포함된 패키지로 예약하려구요 
찜질 매우매우 강추!!!!! 숙소찜질 모두 만족하는 오랜만에 또간집 될곳이에요

수압도 약하다는 평있었는데
그녕 가정집?보다 약간 쎈정도라서 저는 매우 만족했우요 
숙소에서 나오는 샤워물도 온천수래요><
퇴실하고 집 올라오는데
피부가 내내 좋네요 ㅎㅎㅎㅎ

꼭 패키지로 모두다 이용하세요
조식도 건강의 마침표!!ㅋㅋㅋ


오래오래 운영해주세요!
조만간 또 갈게요👍👍👍👍",9,2024-12-27,,,
glay21k,"A동에 머물렀습니다. 전체적으로 내부 리모델링을 했나봅니다. 객실도 깔끔해졌고, 온천도 좋아졌습니다",7,2024-10-28,,,
'25트립홀릭,오래 된 숙소지만 관리는 잘 되고 있어 불편함 없이 이용했습니다.품질인증 숙소 쿠폰까지 적용해 매우 저렴하게 이용했네요.이 곳 탄산온천 사우나 재밌게 이용하곤 했는데 공사중이라 할인 된 금액으로 온탕과 사우나만 이용해서 아쉽네요.탄산탕이 특별하지만 물 자체가 썩 좋은 느낌은 없습니다.물은 척산이 좋더라구요. 가을 단풍철 주전골 등산로가 지척이라 좋고 약수터도 독특하고 계곡 따라 즐비한 향토 음식점들이 많아 힐링하기 좋은 숙소입니다.양양 시내까지 일이십분 거리.잘 묵었습니다.,10,2024-11-27,,,
'25트립홀릭,"대청봉 아래 깊은 골짜기에 위치한 휴양하기 좋은 호텔입니다. 과거 사학연금에서 운영할 때부터 몇 번씩 찾고 있는데 언제 찾아도 참 매력이 있는 곳입니다. 최근 지어진 호텔에 비해 시설은 다소 부족한 것이 사실이나 전 업장이 깨끗하게 관리되고 있어 크게 불편하지는 않습니다. 오색그린야드의 백미는 단연 탄산온천탕입니다. 탄산온천도 매우 이색적이지만 호텔 북쪽에서 자연적으로 용출되는 오색온천수도 아주 만족스럽습니다. 몇 년 전에 비해 조금 퀄리티가 떨어진 듯하지만 면역 조식 또한 여전히 만족스럽습니다. 객실에서도 온천수를 이용할 수 있는데 수압이 다소 약하며 절수 장치가 설치되어 있어 오랜 시간 샤워를 즐기기에는 부족함이 있습니다. 침구는 여느 호텔처럼 청결하지만 스프링에 문제가 있는 침대는 교체가 필요할 듯합니다. 최근 들어 호텔 내에 편의점이 생겼는데 그 점 역시 편리합니다. 성수기는 물론 비수기에도 투숙객이 많은 편인데 주차장이 원활하지 않아 늦은 시각에는 주차가 어려울 수 있습니다. 분기에 한 번은 꼭 찾고 싶은 호텔입니다. 젊은 연령층보다는 중, 장년층에게 추천하며 대청봉 등반이 아니더라도 속초나 양양 일대를 관광하고 일부러 찾아 투숙할 만한 분명한 매력이 있는 곳입니다.",10,2024-08-24,,,
룽룽룽룽얌,"오래된 곳입니다. 온천과 산으로 먹고사는 곳으로 호텔시설은 별로지만 대체 어려운 탄산온천 숙박객 할인서비스와 헬스장의 운동복과 운동화 무료서비스, 오전과 오후시간에 할 수 있는 숙박객전용 요가프로그램으로 감안할 만 합니다. 거북목 있으시거나 척추나 골반이 휘거나 틀어진 분에게 해당 요가프로그램은 강추할 만한게 프로그램 선생님이 자세교정을 잘 해주십니다. 저는 플렉서블요가를 했습니다.
온천은 탄산이 예전에 비해 약해진건 사실입니다. 강한 효과를 원하시면 오전 일찍 들어가세요.
찜질방내는 생각보다 많이 더워서 별로 일 수 있지만 불가마가 땀을 잘 빼줘서 땀 빼는게 목적이라면 추천드립니다. 
그것만으로도  녹슨경첩,세면대팝업불량,예전보다 부실해진 차(전에는 현미녹차 외에 더 있었는데) 등 여러문제가 보이지만 그래서인지 숙소비용은 다른 곳에 비해 저렴합니다.",9,2024-08-24,,,
자*****,설악산을 가까이서 느낄 수 있는 훌륭한 입지와 아름다운 자연 그리고 신비의 탄산온천까지 너무나도 훌륭한 곳입니다. 직원분들 친절하고 조식장이나 피트니스도 나름 잘 갖춰져 있어 이용에 불편함이 없었습니다. 하지만 전반적인 노후화에 대응하는 리모델링이 시급해 보입니다. 또한 객실 정비가 다소 미흡한 점이 있어 보이네요. 조금씩이라도 개선이 된다면 참 좋겠어요. 이맘때 즐기는 탄산온천은 정말 최고이지만 이번에는 평소에 비해 탄산이 많이 약하게 느껴져서 아쉬웠어요.,9,2024-08-24,,,
가끔대타,오늘 둘째날인데요 아침에 온천&찜질을 간단히 하고 아침 먹으러 나가서 전복죽에 성게미역국을 맛있게 먹고 시내 스벅에서 커피도 한잔씩 테이크아웃 해서 설악으로 단풍 🍁 구경가서 사진도 찍고 탐방도 하고 내일 아침은 조식도 있고해서 간단한 저녁거리 구입해 들어왔습니다 겨울이다가오니 6시도 안되어 컴컴하네요 일찍자고 아침에 조식도 맛있게 먹고 체크아웃하고 마지막 온천&찜진하러 입장해 디톡스를 즐기고 있습니다 이번 2박3일은 오색그린야드호텔에서 숙박하며 쉬었다 갑니다  이번 설악단풍은 그다지 감동을 주지 못하네요 숙소뒷편 단풍이 에뻐요 귀가길 한계령으로 갈건데 오늘 날씨가 출발당시 예보보다 좋아 파란하늘을 보니 기분도 좋아지네요 잘 먹고 잘 쉬었다 갑니다,9,2024-11-27,,,
'25트립홀릭,"온천욕을 좋아해 곧잘 찾는 숙소입니다.
세월의 흔적은 있지만 비교적 이용에 불편없게 관리되고 있다 여깁니다.
이번엔 별관으로 주시길래 본관 별관 다 사용했던 경험이 있어 본관으로 부탁한다했더니 얼리 첵인도 아닌데 정비된 객실이 아직 없다고. 우리 옆 투숙객도 별관. 딱 느낌으로 한 곳으로 모는구나? 그것도 하필 불편한 별관으로.운영비 생각도 해야겠지만 반반 양보해서 본관을 돌리시지  싶더라는.진짜 정비된 객실이 없었다면 3시 넘었는데 그렇다는것도 문제.
프런트 남성분은 나름 친절, 우리 응대한 여자분 찬바람 휭휭.특급이 아니라도 기본이 돈 드는건 아닌데.
온천 땜에 그냥 옵니다.",10,2023-08-25,,,
토리땅콩,"오색코스로 대청봉 등반하려고 제일 가까운 오색그린야드 호텔 예약해서 다녀왔습니다. (10/10, 1박)
단풍 보러 갔다가 첫눈 보고 내려왔네요.
오색 코스 시작점하고 도보로 5분정도 거리이기 때문에 주차하고 다녀오면 딱이에요.

방이 없어서 3인실로 했는데 거실에 더블? 침대 하나 있고 방에 싱글침대 하나 제일 작은 방에 화장대, 옷장있고 옷장안에 침구 1세트 있었습니다. 
5성급 호텔 수준은 아니지만 대체로 청결합니다. 거실이 무지하게 넓어서 4-5명까지 거뜬히 숙박 할 수 있을거 같아요. 냉장고 성능은 작은데 너무 좋았네요.

그리고 탄산온천 이용권을 줘서 호텔안에 위치한 사우나 다녀올 수 있는게 제일 큰 장점인거 같아요.
호텔 직원분들 모두 친절하고 좋습니다.

호텔 연식이 오래되서 유스호스텔 느낌이 좀 납니다만.. 방음도 잘 되는 편은 아니에요. 복도에 창문이 나있어서 사람들 왔다갔다하면 소리가 다 들려요. 그래도 대청봉 갔다오는데 이만한 곳도 없는거 같아서 담에 갈때 또 이용하려고 합니다.",9,2023-08-25,,,
한밤중에홍두깨,오색그린야드 리조트에서 숙박하며 가족들과 잊지못할 추억을 이곳에서 남겼습니다. 울산에서 출발해 강릉에서 1박 하고 다음날에 설악산가서 케이블카 타고 오색으로 이동해서 오색약수 맛있게 마시고 마침내 이곳 오색그린야드 호텔에서 여행 2박의 일정에 짐을 풀고 ♨️ 탄산수 온천욕 즐겼습니다. 일상의 피로가 쏙쏙 풀어지는 게 몽환적이었습니다. 객실도 정말 넓어서 잘 자다 왔어요.,7,2024-08-24,,,
'25트립홀릭,자주가는 호텔입니다. 공기 좋고 좋아하는 온천있고 특히 탄산천 재미가 쏠쏠합니다..세월의 흔적은 있지만 관리상태가 괜찮습니다.오색천 계곡따라 건강한 메뉴의 식당 즐비하고 이번에 갔더니 호텔 내 제대로 된 편의점이 생겼네요.예전 주전골 등산로 가다보면 영롱한 비취색 소들이 군데군데 이어지고 계곡물 색도 햇빛 받으면 반짝반짝 너무 예뻤는데 이 지역 큰 홍수후 전체적으로 색이 좀 바랬습니다. 그래도 여전히 어느 곳 못지 않은 멋진 등산로라 할 수 있습니다.좀 넓은 방을 잡았는데 그리 가격 차이가 크지 않으니 넓은 방 추천합니다 25평형은 발코니와 거실에 더블침대 작은방에 싱글침대 이불장에 이불 한채 있습니다..직원 응대는 그냥 그렇습니다.,10,2024-08-24,,,
타이베이테레사,"비가 오는 오후 나는 무엇에 홀린 양 온천을 향하고 있다.그것도 강원도로 말이지...... 척산온천은 얼마전 다녀왔기에 오색온천지구의 오색그린야드호텔이나 원암온천지구의 아이파크콘도나 일성콘도중 택일할 예정으로 떠났다.언급한
 숙소들의경우 규모의 차이는있으나 자체 온천시설을 지니고 있으며 객실에까지 온천수가 들어와 온천욕을 즐길수 있다는 장점이있다. 아무튼 거창했던 선택의 경우의 수는 허무하게도 첫 목적지였던 오색 탄산온천에서 끝나고 말았다.비오는 평일이었던 덕에 널찍한 대 온천장에서 10명 남짓한 한산한 분위기속에 27도 남짓 저온의 오색탄산온천탕과 42도 전후의 알칼리온천탕 그리고 히노키탕이 있는 노천온천을 번갈아 온천욕을하며 이미 더 이상의 추가 목적지는 거부(?)하기로 갈대같던 내마음은 그렇게 주저 앉았다. 온천욕을 마친후 여기어때앱을 통해 순식간에 객실을 예약후 체크인을 하였다. 거의 산중턱 이상에 위치하여 녹색이 한눈에 들어오는 이쁜외관을 지닌 호텔은 본관을 중심으로 동서로 콘도동과 호텔동으로 나뉘어져있으며 지하 2층에 온천과 찜질방이 위치하고있다. 입실하고보니 다행이 카펫바닥이 아니며 깔끔한 분위기인데 생각보다 방이 휠씬 널찍하다. 객실예약시 스탠다드가 15평정도로 나오던데 일반적인 호텔객실의 면적인 8평남짓보다는 확실히 넓은것같다. 또하나의 특징은 대체적인 호텔의 어매너티가 일회용 샴푸나 비누등으로 제한되지만 오색그린야드 호텔은 치약과 치솔이 함께 제공이 되는 점이다. 하지만 오색그린야드호텔의 장점은 뭐니뭐니해도 설악산의 아름다운 자락에 위치한 천혜의 아름다운 전경이 아닐까싶다. 지친심신의 힐링을 위해 이곳을 추천하고싶다.",9,2019-08-26,,,
이호산업,"전날 홍천 대명리조트에서 1일 숙박을 하고 조금 아쉬운 마음에 찾아보게 되면서 30평콘도를 예약하게 되었네요. 대명에 비하면 조금 아쉽지만 건물의 연식과 금액 대비라면 나름 괜찮네요.
우선 메인 인포에서 직원들의 친절함이 기분좋게 시작되었구요. 5층을 이용하게 되었는데 날씨가 34도 육박인데 계곡과 산이 어우려져 시원함과 탁뜨인 뷰가 참 매력적네요.
(실내 에어컨도 냉기좋게 잘 나와 시원하구요...)
내부 청결상태도 양호하고 제일 중요한 침구 상태가 깨끗해 좋게 느껴졌습니다. 
개인 평가~~
1.주차시설 : 적절한 주차와 이동동선 양호.
2.주변부대시설: 숙소내 사우나 시설과 일반 편의시설 양호하구요. 주변으로 형성된 음식점과 계곡등이 잘 형성되어 가족단위 추천.
3.무엇보다 힐링하기 좋은 곳인듯~~",10,2018-08-26,,,
GC14739267341,"오래된 호텔이라 그런지 낡긴 했어요..
침대는 편하고 좋아요~
수압이 너무 약해요ㅠㅠ 씻는데 물이 너무 줄줄 나와서 오래걸려요... 수압좀...
수압 약한거빼곤 다른건 무난합미다.",9,2024-08-24,,,
욜로여행자,"[좋은점]
1. 4인기준에 30평형대 넓은 방을 이용할수 있음
2. 건물은 오래된듯 하지만 시설 청결도는 좋음
3. 온천이 있어 좋음 (비용은 별도지만)
4. 주변에 오색약수터와 맛집들이 많음
[아쉬운점]
1. 냉장고가 오래되서인지 밤엔 좀 시끄러움
2. 치솔, 면도기 일회용품 없음을 체크인때 알려줘서 사갈수 있게하면 좋을듯... 방까지 올라갔다 내려가서 다시 사오기 번거로움. 
3. 쇼파나 커튼이 오래돼서 얼룩이 있지만 세월에 흔적이라 생각함.",10,2018-08-26,,,
'25트립홀릭,가을 가족여행으로 30평 스위트 호텔형  숙박했어요 오래된곳임에도 불구하고 청소상태도 침구도 깨끗했지만 침대가 오래된거라 옆사람이 조금만 움직여도 많이 흔들거림이 있네요 또 온천표를 주셔서 탄산온천도 잘 이용하고 다음날 할인받아 또 한번 더 이용했어요 트레킹코스도 좋고 이곳은 또 올것같습니다 지하에 편의점이있는데 얼음을 팔지않아요 얼음 필요하심 사오셔야합니다 겨울에 한번 더 올라고요 잘 쉬다갑니다.,8,2023-08-25,,,
개영,"깨끗하고 친절하고 온천이 너무 좋아요
아침 조식도 너무 마음에  들었어요",9,2024-08-24,,,
활*****,"낡았지만 깨끗하게 잘 관리되었습니다. 침구도 뽀송해서 좋았네요.
다만 샤워기는 교체해야겠습니다. 사방팔방 물줄기가 튀네요. 물줄기도 약하고 세면대쪽으로도 물이 다 튀어서 어른들이 미끄러지실까 걱정스러워서 수건으로 다 닦아냈네요.
복도쪽 방은 소음에 매우 취약했습니다. 숙면을 원하시면 피하시길.
테라스 창문 열면 계곡물소리 새소리 들리고 시원한 산공기 들어옵니다. 황사라 열어두지 못해 아쉬웠네요.
지하 온천은 숙박하면 할인가격에 이용할수 있고 외부인도 사용할수 있습니다.",9,2024-08-24,,,
호옹호옹호옹,"오래된 리조트이지만 온천이 좋아서 예약했어요~
근데 청소 상태가.. 세면대에 커피 같은 얼룩 자국이 있고 티비다이 콘센트에 먼지가 가득;;
애기랑 같이 갔는데 청소 상태가 엉망이라 실망 했어요
그래도 온천은 무료로 할수 있어서 좋았어요~ 탄산온천은 너무 좋은데.. 방 상태 좀 개선됐음 좋겠어요",9,2022-08-25,,,
'25트립홀릭,정말 오랜만에 방문했는데 다소 미흡한 점들이 많아 보였습니다. 전반적인 청결 관리가 부족하다고 여겨집니다. 낡고 오래된 것과 지저분한 것은 차이가 크지요. 개선이 필요하다고 보여집니다. 로비의 화장실부터 악취가 납니다. 직원 분들도 조금 여유를 가지셨으면 좋겠고요. 수압이 매우 낮아 불편하지만 수질만큼은 나쁘지 않습니다. 저수조에서 유발되는 듯한 특유의 냄새만 빼면요.,8,2022-08-25,,,
jeoh,"주말에 급으로 떠나고 급예약해서 간곳이에요
싼가격에 방두개와 깨끗한 욕실 안마의자까지 좋았구요 온천에서 피로도 풀고 너무 좋았어요. 방도 뜨끈뜨끈 만족합니다.
온천도 넓고 만족했구요 투숙객은 할인이라 좋았어요. 그런데 거기 온천식당은 정말 불친절하고 돈가스 미역국 황태해장국 세그릇 다 따로 시켰다고 ; 어차피 미역국 황태국은 끓여논거 퍼줬으면서 내돈내고 내가 욕이나 먹고. 숙소에와서 치맥하려고 포장해온 치킨에서는 피가 뚝뚝. 
숙소는 그럭저럭 만족했으나 온천식당때문에 다시는 가기싫은곳",9,2019-08-26,,,
여기어때 이용 고객,"시설은 좋았습니다. 생각보다 깔끔했고 내부도 보일러를 잘 해주셔서 따뜻하게 잘 수 있었고 화장실도 무척이나 깨끗하고 디자인도 호텔 같아서 좋았습니다.
또 티비도 커서 보기에 좋았고 잘 나오더라고요 로비쪽에 있어서 와이파이 쓰는데 무리가 없었습니다.
온천은 탕이 무지하게 큰데 사람들이 별로 없어서 진짜 맘껏 쓰고 왔습니다. 여러므로 힐링을 하고 왔네요.
온천 시설도 좋은 편이라서 이용하기 좋았습니다.
특히 탄산 온천이 말만 탄산 온천인 곳과 다르게 진짜 탄산온천ㅋㅋㅋㅋ오래 있고 싶었는데 10분도 못버티고 나가고를 반복하고 재밌었습니다 참 겨울에 와서 노천온천을 못한게 진짜 아쉽네요. 진짜 좋아보이던데ㅠㅠ 
그리고 나가서 음식을 먹었는데 미역국이랑 돈까쓰를 시켰는데 양도 많이 주시고 맛있게 먹었습니다. 그런데 늦게 먹어서 그런지 종류가 적은편이었어요.
사우나는 온도 조절이 잘되어있고 진짜 사람이 없어서 전세낸줄 알았어요!! 근데 시설이 최신이라서 엄청 편했고 따뜻하고 이용할 방이 많았습니다.
주변에 오색 약수터 있다고 했는데 바람이랑 눈이 많이 내리고 불어서 못갔습니다.
저는 차가 아니라 버스를 타고 왔습니다.
두가지 방법중에 양양고속터미널로 오는 방법을 선택해서 오색 1번을 타고 마지막에 내려서 위로 올라가면 호텔이고 집에 갈 땐 다시 양양고속버스터미널로 가거나 호텔 밑으로 쭉 내려가서 족욕장도 지나치고 내려가면 오색터미널이 있습니다 거기서 표를 끊어서 쭉 직진하면 타는 곳이 있어요. 거기서 타고 집에 갔습니다. 눈 내리는데 위에 지붕이 없어서 오들오들 떨었어요.. ㅠㅠ
좋은 여행이었어요! 담에도 부근을 들리거나 쉬고 싶을 때 가고싶네요!",8,2018-08-26,,,
bykim1993,"부모님 모시고 가기 정말 좋은 곳 같습니다.
이번달, 다음달 또 예약 해놨어요~~

객실은 오래된 느낌은 있지만 깨끗하고
불편함 없습니다ㅎㅎ

계속 재방문 할 것 같습니당 
주변에 구경할 곳도 많고
시내가 그리 멀지 않아서 좋습니다.

온천 상태도 좋고
등산로도 되어있고
맛집들도 많더라구요

직원분들도 친절하셔서 좋습니다ㅎㅎ
넓은 방 예약 또 했으니 다른방에서도 즐겨볼게용",9,2024-08-24,,,
유은호89,"설 연휴에 부모님 모시고 여행 겸 온칸스 패키지ㅜ다녀왔습니다!! 생각보다 너무 탄산온천이ㅜ특색 있었고 좋았습니다. 조금만 나가면 설악산 트래킹 코스 오색 약수터 코스가 왕복 두시간반 정도로 아주 잘되어 있고 절경입니다. 1박하는 동안 두번이나 다녀왔네요!! 마침 눈이 와서 설산 풍경도 너무 좋았습니다.

다만 시설이 조금 낙후되어 리모델링이나 부분 수리해야할 것들이ㅜ보였습니다! 겨울에는 호텔동 객실이 조금 추운거 같지만 로비에서 전기장판을 빌려주니 좋았습니다",9,2024-08-24,,,
강남역루피,"객실청소상태는 살짝 아쉬웠어요 침대쪽에 머리카락이랑 살아있는 벌레가 있어서 깜짝놀랐어요 중앙난방이라 따뜻해서 그런가 싶기도 하고요 새벽에 바람이 많이불었는데 창문가에서 바람소리가 계속나서 잠을 좀 설쳤어요
좋았던건 객실숙박시 목욕탕 자유이용권카드가 있어서 좋았어요 그리고 객실 리모델링을 했는지 전체적으로 바뀌어있어서 좋았어요 체크인할때 문제가 있었는데 여기어때에서 잘해결해 주셨어요
부모님모시고 다녀왔는데 다음에 또 재방문예정이요",9,2021-08-25,,,
수진투,"할머니와 함께 갔던 이번 여행 대만족 코스다.
사실 시설은 약간 여느 유스호스텔 혹은 콘도 느낌이지만, 온천도 동네 사우나 느낌 이지만 탄산 온천 엄청 신기하고 온천 내 작게 위치한 노천탕이 완전 내 취향 저격하는 공간이다! 어른과 함께하는 짧은 여행으로 여기 노려볼만 할 거 같다. 

1박 2일 숙소로 아깝다 약간 2-3일 가만히 있다가 계속 목욕이나 즐기고 산책이나 하면서 쉬다가고 싶은 곳이다. 
입실할 때 저녁에 한 번, 퇴실할 때 아침에 한 번 두번 이용했던 온천은 아침에 했을 때가 더 시원하고 개운하고 그랬던거 같다!!
가을에 또 갈끼다!!!!",10,2022-08-25,,,
유리맨털,평창 페럴림픽 구경갔다가 검색. 가족들 모두 온천을 좋아해서 이곳으로 왔습니다. 오래된 호텔이지만 예 고풍스러움이 남아있어 정겹고 친숙합니다. 그리고 스위트룸 가격이 8만원때. 조식은 어른1.5. 아동1. 음식은 그럭저럭. 전체적으로 가격대비 대만족이고 특히 온천이 너무 좋네요. 직원들 친절은 기대 마시구요.ㅋㅋ 다시 찾고 싶은 곳 중 하나입니다!,9,2018-08-26,,,
6195088,"방문 일자 : 1월 20일 ~ 21일 1박 2일

시설: 216호 투베드(더블, 싱글), 온돌
예약 전 후기에 건물은 낡았으나 등등 읽고 가서 생각한 그대로 였음.
깔끔하고 좋았으나 장에 들어있던 이불에 다른 사람 머리카락이 붙어있어서... 찝찝했으나...
방이 너무 더워 이불을 덮을 필요가 없었기에 찝찝함도 사라짐.

방 온도 조절기에 중앙 난방이라는 내용과 프론트로 문의하라는 안내가 있었음.
너무 덥고 건조해서 목이 따갑고 입술이 갈라지고 손이 뻣뻣해 질 지경이라; 온돌방에 적신 수건을 두개 걸어두고 잤는데(새벽 2시 경에 한번 더 적심) 7시 반에 일어나 보니 아주 뽀송뽀송하게 말라 있었음;
아이들이 어려서 온돌방에서 넷이 자려다 너무 더워 난 혼자 침대방에서 잤는데 이불 안덮고 침대에서 자니 딱 좋은 정도였으니 바닥은 얼마나 더웠을지...(방문한 날이 미세먼지의 습격으로 창문을 열수도 없었고 1월 중순이었지만 영상의 온도여서 더 그랬을지도 모름)

해당 객실 바로 앞에 환경미화 도구와 물 등이 있는 창고 같은 것이 있었는데 직원분들의 대화소리가 엄청 들려서 우리 말도 들리겠다 신경 쓰였음.

화장실은 많이 미끄러워서 아이가 아빠 눈을 피해 점프 하다 다치는 일이 있었기에 아이와 함께 가실 경우 주의가 필요함.

기타: 둘째는 대중탕에 가기에 많이 어려서 첫째와 신랑이 온천에 다녀왔는데 아이가 정말 재미 있었다고 아침에도 가자고 우는걸 겨우 달래서 나왔음.
신랑 말에 말 그대로 대중탕 이었다고 ㅎ

결로: 가격 대비 정말 잘 지내고 왔고 다음에 또 강원도에 온다면 방문할 의사 있음.",8,2018-08-26,,,
캡캥,이전에 목욕탕을 이용했었는데 너무 좋았던 기억이 다시나서 호텔로 예약했어요! 제일 기본방 신청했는데 방이 너무 넓어서 침대 2명 눕고 바닥에서 성인 3~4명정도 잘정도로 엄청 넓었습니다. 밤에 난방이 중앙이라서 춥지않을까했는데 딱 적당했구요.. 정말 아쉬운건 목욕탕 이용티켓 1장씩 무료로 주는데 2장씩주먄 너무 더 좋을것같은...? 아쉬움이있어욛ㅋㅋㅋㅋㅋ 목욕탕이 너무 좋아서... 다음번에는 부모님 모시고와야겠어요.. 잘 쉬다가고 600m? 에서자면 멜라토닌이 잘나와서 슉면한다고하는데 신기하게 새벽5~6시에 기상했는데도 몸이 완전 개운했어요! 강추합니다.,8,2023-08-25,,,
좋은맨,"전반적인 관리상태는 괜찮았으나 샤워기 수압이 약한게 단점이었습니다. 주변에 트래킹코스,등산코스,온천이 있어 힐링하기에 최고의 호텔이었습니다.",7,2021-08-25,,,
똥뚱성현맘,찜질방은 평일이라 사람도 없고 좋았어요.온천은 생각했던것보단 걍 목욕탕느낌. 호텔은  진짜 오래됐고 청소상태는  깨끗했지만 화장실 수압이 속터지고 수리좀 해야할거같아요.,8,2024-08-24,,,
'25트립홀릭,"자주 가족들과 갔다가 이번에 친구들이랑 갔었는데요.
10년 넘게 이용했던 곳인데 한결같은 내부에요.
그나마 조금 발전된 듯 하지만 ㅠㅠ 호텔과 리조트 침대방/조리 유무 여부 말곤 크게 달라진게 없어서 아쉽더라고요.

그리고 온천을 좋아하기에 자주 왔던 곳인데
탄산온천이 새벽에가면 깨끗했었는데,
어느샌가 뭐가 있어요.. 탄산 온천 색상이야 때에 따라 다르다한들 새벽엔 괜찮았는데 말이죠.
아쉽더라고요.

그 외엔 등산 하기 좋습니다",9,2022-08-25,,,
더글라스정,"조용하고 공기좋은 호텔
남설악 탐방지원센터를 통해대청봉 등산할때 이용하면 적합한 호텔",6,2021-08-25,,,
6163578,"호텔 외부는 오래됐지만, 내부시설이라든가 집기류 등은 전체적으로 깔끔하고 좋았습니다. 호텔이지만 콘도처럼 넓어서 깜짝 놀랐습니다(아마 콘도가 호텔로 바뀐건 아닐까 하는^^) 침구류도 깔끔하고 전체적으로 산속에 있어서인지 조용하고 상쾌했습니다.
특히 탄산수온천은 꼭 꼭 해보라고 권해드립니다. 신기하기도 하고 피부도 매끄러워지고~ 
젤 위층 썼더니 수압때문에 변기가 막히는...그래도 직원분이 친절하게 처리해주셨어요.. 휴지를 절대 변기에 넣음 안되는~ 휴지안넣어도 그렇더라구요.
다음에 또 이용 예정입니다.",9,2018-08-26,,,
뷰뷰킴,"탄산온천 좋다고 해서 예약했는데.. 역시 온천 너무 좋았어요~
객실은 흠...   청소상태  별루였어요;;
침대 테이블 모서리에 아이가 다칠까봐 옆으로 밀었는데 과자 부스러기, 빨대... 침구에 머리카락이 ㅎㄷㄷ
그리고 체크인 시 따뜻했는데.. 잘땐 추웠어요~ㅠㅠ 중앙난방이라 난방조절이 안되서 너무 아쉬웠네요;;;
객실은 가격대비 넓어서 만족하고 뷰도 산뷰라 나쁘지 않아요~",8,2022-08-25,,,
뽀뽀뽀뽀뽀,"방사진은 없지만 근처에 산책나갈 오색약수터가 있었고, 저녁에 바베큐가 완전 만족이었어요.
방은 리뷰나 사진등으로 시설이 오래된건 알고 있어서 입실하고 실망한건 없었고, 오히려 넓어서 좋았어요. 주중 가격도 저렴했구요.
온천을 목적으로 간 저희는 사실 물이 맞지않아 깜놀했네요. 
탄산물이 맞지않는 저는 온천목적은 다시 가고싶지 않지만, 바베큐 하러 다시 가고싶을 지경입니다.
친정식구들이랑 바베큐하러 가고 싶은데... 주말밖에 시간이 안되서 객실가격때문에 결정 못하고 있습니다.",8,2020-08-25,,,
어두컴컴한햄버거,"비교적 숙소는 허름했지만 그 외에것들이 정말 만족스러웠습니다. 특히 근처에 식당들 음식들이 일품이고, 더 멋지게 온천 인테리어 개조해서 정말 만족스럽게 잘 보내고갑니다.
다음에도 다시 올 것같아요. 직원분들도 친절하셔서 정말 기분좋게 묵다갑니다
다음에는 뷔페도 한번 먹어 보고싶습니다.
또한 객실내에서도 온천온수 사용하여 물 질이 좀 다르다는걸 많이 느꼈습니다.
앞으로도 깔끔하고 예쁘게 관리 부탁드리겠습니다. 정말 만족하고 갑니다
!!! 겨울에는 더 예쁠것같습니다",9,2024-09-28,,,
일흔일곱평상복,"강원도 강릉으로 놀러갔다가 돌아가는길에 오색온천이 유명하다고 해서 들러봤어요
여기 호텔이 오래되어서 투박해보이긴해도 온천이랑 잘어울려서 나쁘지않았어요
청소상태는 청결해서 좋았어요
주변 환경도 깔끔해서 기분 상쾌하게 즐길수 있었어요
호텔에 투숙하면 온천권 12,000원에 이용할수 있어요
온라인에서 판매하는 온천권 14,000원 보다 좀더 저렴해요
조식은 투숙객에겐 5,000원 할인해서 30,000원에 이용할수 있어요
여유롭게 잘즐기고 왔습니다",9,2024-08-24,,,
착실해진돌격대,"부모님 대신 예약해드렸는데 문이나 구석구석 먼지가 좀 많았다고 하시네요 시설이 오래되다보니 어쩔 수 없겠지만 관리가 좀 필요할거같습니다 
그외에 시설은 낡았지만 온천물이 좋아서 야외온천은 좋았다고 하시네요 ㅎㅎ  조식은 모르겠지만 근처에 식당들이 많아 편리했고 대형주차장 따로 등록해주셔서 잘 이용했다고 하네요 데스크 직원분들 친절히 대해 주셔서 감사합니다 오래 잘 유지 해주세요~",7,2023-08-25,,,
별별아,"겨울에 탄산온천하러 엄마와함께 다녀왔네요.^^
객실 예매하고  온천티켓받아 쉼있는 시간 보냈어요.
객실도 깨끗하고 침구류도 뽀송해서 ~~
Good 잠~쟜어요.
다음에도 엄마 모시고 또~갈께요.",9,2023-08-25,,,
벅찬약,시설이 노후해서 오래된 느낌이 들지만 그래도ㅗ 자연속에있어서 좋았다 직원들 친절도너무도 보통ㅇ다 온천에 쌀이 노후했다 점검중ㅇ야서  아쉬웠다 그래도 재장의사 았고 비교적 만족한다 주변음식점도 많이 있지만 가격대가 있는 편이다 사람들이 많었다 주변이 조용했지만 사람들이 많아서 별로 였다 물이 좋았으나 목욕비가 비싸서 부담스러웠다 전반적으로 보통수준의 시설이다 끝,8,2024-08-24,,,
이소룡님,"말이 호텔이지 솔직히 시골 모텔 수준의 인테리어입니다. 어메이티는 갖추어 있지만 샴푸와 샤워코롱은 공용으로 사용하는 것은 참 아쉽습니다. 에어컨 필터는 먼지 가득, 커튼은 땟국물 가득, 더운 물은 안나와 직원이 와서 한참을 고쳐서야 나왔습니다. 남직원들은 보는 족족 인사를 하며 친절했으나 여직원은 웃음기 없는 얼굴로 사무적 말투가 기분이 안좋았습니다.
그나마 인상적인 것은 야외 바베큐가 55,000 원으로 저렴히 이용했다는 것과 단품 조식이 나름 맛있었다는 것입니다. 그러나 숙소 내부 시설이 모텔급이라 별로 이용하고 싶지 않습니다.",8,2019-08-26,,,
뽀다구릴라,"부모님 모시고 처음간곳인데!!
대만족입니다.
재방문의사♡♡ 있어요!!
청소는 신경 써주셔야할꺼같아요.
싱크대 벌래죽은거있고.그릇씻어놓는곳엔 머가 많이 묻어있었어요.
그래도 프론트 친절하시고^^",6,2024-08-24,,,
우리세명,"전에 묵었던 방은 나름 나쁘지 않았는데 요번에 주신 방은 들어 가자 마자  방향제 냄새가 많이 나서 뭔일인가 했어요...짐만 놓구 밖에나가 놀다 빕도 먹고 늦게 들어와 보니... 나중에 알았어요 ㅠ
방에 그냥 담배 쩐네가 밤새 냄새 때문에 엄청 스트레스 받고 왔어요... 호텔측 보단 이용 하시는 고객들의 거지같은 비매너 때문이겠죠!!!! 방에서 담배피는 사람들 반성하세요!",9,2022-08-25,,,
계림짱,폭설이 온다해서 몇번 망설이다가 항상국도로 오색그린야드를 가는데 이번엔 고속도로로 갔다ㆍ생각보다는 고속도로 제설작업이 잘 돼 있어 함박눈이 오는설경이 장관이였다.오색그린야드 들어가는길이 제설이 안돼 걱정이였는데 서행하니 눈을 맞으며 입실을 했는데 그야말로 눈꽃세상이 펼쳐져서리~오길 잘했다 싶다~2개월마다 방문하는데 이번엔 룸바닥까지 새로 깔아 쾌적했다.노천온천은 눈오는풍경이 절경이다.밖을 볼수 있는 뷰를 개선하면 더 좋을듯요~,8,2023-08-25,,,
남대문시장아티스트,"탄산온천을 좋아해 자주 이용하는 호텔입니다. 
이번에 가족과 함께 급하게 숙소를 정하다 호텔은 예약 마감이라 콘도 사진만 보고 예약했는데…
이렇게 더러운 객실상태는 처음 입니다. 
바닥은 모래인지 흙인지 계속 버석버석 밟히고 
침구는 벌레, 머리카락이 너무 많았어요. 
방의 창문은  1/3쯤 열렸는데 닫히지도 열리지도 않고 커튼으로 가려보려 했으나 창문보다 작은 사이즈의 커튼으로는 역부족입니다. 
복도식이라 말소리 필터 없이 100% 전달됩니다. 
개념없는 201호 202호 투숙객들 한팀인지 양쪽 문을 열어두고 새벽까지 고기굽고 소리지르고…ㅠㅠ
힘든 하루를 보내고 일찍 퇴실 했어요.  
호텔동도  노후 되긴 했지만 이정도는 아니었는데…
다시는 가고 싶지 않습니다. 

* 욕실보고 공포영화 생각났어요. 
애들은 무섭다고 혼자 못가는 화장실 입니다.",9,2022-08-25,,,
양심적인눈표범,"온천여행중에 뜬금없이 들린곳인데. 
너무 좋았습니다.
숙박시설이 오래 되었어도 관리를 잘 하고 있는것 같았고..
사우나 시설이 정말 최고 입니다.
저희는 호텔 숙박을 해서 무료 이용권 받았고..
아침에 결제하고 사우나 한번 더 하고 갑니다.ㅋㅋ
근처 식당들이 일찍 영업을 마쳐서
호텔식사 더덕고추장불고기 정식 먹었는데..
이마저도 훌륭했네요~!
직원들 정말 친절하시고..
잘~  쉬다 갑니다~!^^
호텔 앞에 오색 약수 계곡 있네요~~",9,2023-08-25,,,
피라냐인생,"1. 직원분들 친절함
2.오래됐다고 해서 더러울까봐 걱정했는데 관리 잘하고 있음
3.온천 좋긴한데 아침에 가는것을 추천.
4.주중에는 한식당 운영을 안함. 근처 5분거리 식당은 오후 7시면 문닫으니 주의.
5.화장실에 있는 샤워기 수압이 많이 약함
6.두번째날 직원분이 휴지랑 수건,물 주러 직접 다니심.-편함-
7.호텔이 한계령에 있어 차로 15분만 올라가면 한계령휴게소에 갈수 있는데 뷰 끝내줌.
8.결론-가을에 다시 가기로 결정-",6,2023-08-25,,,
자빠잘란다,"한계령 정경에 반해 매년 울산에서 방문하고 있습니다

작년엔 어머니 ㆍ올핸 처가 식구들고 방문

가격 대비 최상입니다

직원분들도 친절하시구요

내년에도 들릴게요",7,2022-08-25,,,
계림짱,코로나가 극심한 2년 반동안 온천을 좋아한 남편과 전국 온천을 여기저기 유명하다는 곳을 다니다 정착하게된 오색그린야드호텔 탄산온천으로 정해 시간 날때마다 다니는데 이번엔 이십대 아들과 동행 을 했는데 의외로 시니어들이 많아서 내심 걱정했는데 의외로 공기도 좋구 주전골 트래킹 코스도 너엄 좋구 깔끔한 객실에 뭐니뭐니해도 부드러운  탄산온천에 힐링된다고 다시오고 싶다고ᆢ요샌 입소문이 나서인지  인산인해합니다,8,2023-08-25,,,
진주자생식물,"시설은 생각보다 괜찮았어요~잘때 너무 더웠구. 가습기가 절실하게 필요함을 느꼈어요. 코랑 목이 찢어질듯한 건조함.
이불상태가 조금 불결했어요. 침대이불은 괜찮았는데 바닥에서 자려고 이불꺼냈는데 머리카락 같은것도 붙어있고.
이불이 오래되서인지 얼룩져 보여서 조금 그랬어용~.
온천은 정말추천이요. 찜질방은 애들하고 갈때는 안가는게 낫겠더라구요. 온천에서 충분히 즐기시면 될듯합니다.
온천.조식 쿠폰패키지로 다녀왔는데 조식은 패키지 아니고 15000원 내고 먹기엔 아까울뻔했어요. 아침엔 많이 먹지도 않아서요. 그래도 먹을만 했습니다. 
아이들과 약수터를지나 둘레길걷기는 참좋았어요.
다음에 또 이용할 생각입니다.~",7,2018-08-26,,,
남자입니다77,힐링   그이상의  호텔  최고입니다.  사우나는  무조건  무조건  가세요..    그냥  굿입니다.,8,2023-08-25,,,
파란색소고기,온천과 함께한 오색그린야드호텔 편하게 쉬다 왔습니다,5,2024-08-24,,,
방랑포톨이,"건물과 시설은 좀 낡았지만 온천의 수질도 좋았구 직원들도 상당히 친절했읍니닺.특하 아침 조식이 앗도 있구 괄리티도 좋은 건강식단이었네요 다음에 처가집 장인, 장모님 모시고 다시 찾을 생각입니다
삐까뻔쩍한 호텔은 아니지만 공기 좋고 울 좋은 곳에 워치한 가성최고의 호테이네요",7,2023-08-25,,,
'25트립홀릭,넓직하니 좋은데 발코니도 청소좀! 죽은 벌레들...,7,2020-08-25,,,
부월리,청결과 서비스가 매우 우수했다고 평가하고 싶습니다. 감사합니다 ..,6,2024-08-24,,,
신뢰가고풋풋한기름사탕,시설은 낡고 오래 되었지만  오색의 공기와 탄산온천이 좋아서 자주 가는곳!,7,2024-08-24,,,
0107백마,"25주년기념으로 막내딸과 함께한여행
호텔객실은 4년전에 이용한 그때와 별반다른게없고
프런트 여직원 체크인할때도그렇지만 퇴실할때도 말투가 거슬러선 첫날부터 기분이별로
다른직원들은 대체로 친절햇네요
객실은 화장대위에 드라이기는잇는대 콘센트가없어서당황 작은방침대  메트리스는 여전히 푹
온천 
코로나때문인지 식당도없고 찜질방하면 계란과식혜는기본인대 이것도 없고
아이가배고파 혼자매점을가  컵라면을삿는대 젖가락이안보이니깐 판매하는걸 삿더라구요
당연컵라면사면 젖가락도 주는거 아닌지..여긴
아이가 젖가락산걸반품하러가서 반품하고 컵라면에달려잇는  젖가락달라하니
이번한번만 준다고 ..
내가잘못알고 살앗는지  컵라면사면 젖가락도 돈주고사야하는지 처음알앗네요
친절은 한대  음...유드리가없네요
돈천원아무것도 아니지만 아이가 갓다고 그리 장사를하는대  
첫날   체크인할때부터  여직원 불친절에 기분이상햇는대
온천매표서에서 까지 ..
온천물은 좋아서 20년넘게다녓는대
글쎄이젠 아무리 싸고 물이 좋아도 이젠 여긴안갈거 같네요",9,2023-08-25,,,
멋진비옥한땅,"친절하게 응대해주셔서 
편하게 잘 이용했습니다~!!
방이 진짜 따듯하고 좋아요!!
물도 잘빠지고 아주 좋습니다~!
청결 관리를 아주 잘 해주시는거같아요!
주차장도 넉넉하고 덕분에 편하게 쉬다 갑니다~!
감사합니다!",6,2023-08-25,,,
빛나고맑은수원,세월의 흔적은 어쩔 수 없지만 조용하고 정갈한 객실에 처음에는 만족했어요. 그런데 문제는 다음날..전날에는 온천에서 씻고 들어와서 몰랐는데 아침에 샤워기를 트니 물이 쫄쫄쫄 나와서 씻는 내내 한기가 들어 아침부터 진짜 화가 나더라구요 객실 점검을 하긴 하신건지.. 이미 하룻밤 투숙을 한 상태고 이후 일정이 있는데 이것땜에 다른방에서 씻게 해달라는 것도 웃기고 덜덜거리면서 아침을 시작해서 전날 여기 온천에서 기분 좋았던 기억까지 날아가버렸어요. 하루 있어보고 하루 더 묵으려고 했는데 그냥 다음에는 온천만 이용하자 했어요. 나오는 길에 프론트에 어르신들은 감기드실것 같다고 점검이 필요한것 같다 말씀드렸는데 직원분이 모르셨다 재점검 하겠다고 난처해하시면서도 친절하게 응대해주셔 떠나는 길은 괜찮았어요.,6,2024-08-24,,,
자스민,"전반적으로 깔끔하고 좋았습니다.
오색 온천이 너무 좋아서 조만간 또 이용할 예정입니다.
힐링 여행에 딱이네요.",7,2018-08-26,,,
알쏭달쏭하고신나는품질,깨끗하고 한적해서 좋아요^^,6,2024-08-24,,,
오가닉라떼,"온천도 할 겸 방문합니다. 
우선 가격대비 우수합니다. 가성비 좋음
한겨울에도 후끈후끈 따듯해요
오히려 약간 더웠네요. 
객실도 와이파이 되구요.
이번이 세번째 방문인데 역시 괜찮아요.
조식은 처음인데 무난했어요.
다음에 또 올게요~~~",8,2018-08-26,,,
요이0364,설악산 산속에 있어서 공기도 좋고 주변 경치도 너무 좋았어요~ 부모님과 가족 여행으로 좋아요. 호텔은 오랜 연식이 느껴지는 외관이지만 나름 깔끔하고 불편함 없이 지내기 편했습니다. 다만 가장 큰 아쉬운점은 객실 위생 상태와 청소 상태가 매우 별로 입니다. 바닥에 먼지 머리카락이 가득하고 의자에도 얼룩이 매우 심해 앉기꺼려집니다 하지만 탄산 온천 너무 좋았어요,7,2022-08-25,,,
다정하고자신감있는기관차,"온천수최고입니다 객실도 깨끗하고요
조금 아쉬운점은 침대 매트리스가 불편한거외에는
주변환경등 다 좋습니다",5,2024-08-24,,,
여기어때숙소평가단,조용한 힐링이 필요한 분들에게 적극 추천합니다.설악산 오색에 위치해 공기좋고 조용하고 온천까지~특히 가족이 많건 적건 넓은 이그제큐티브 스위트룸을 추천하며 깨끗하고 안마의자까지 있어 편하게 쉴수 있습니다. 오래됐다고해서 별기대없이 갔다가 대만족하고 왔습니다.,6,2019-08-26,,,
벅찬약,"시설이 노후된 측면이 있지만 그래도 비교적 만족합니다 가성비 괜찮아요 주변 식단만 있어요 커피한잔 잘 어울리는 곳입니다 여러모로 호불호가 갈릴 것으로 보인다 
호텔직으너들도 비교적 친절하고 청소상태도 비교적 만족합니다 옆에 방과의 소음도 크게 거슬리지 않았고 비교적 조용히 휴식할 수 있는 분위기 납니다 리모델링 이 필요한 부분인 있어요 구어나 가성비 만족해요",9,2023-08-25,,,
상큼해요,"객실크기 생각 하면 저렴히 이용했어요.  머리카락 먼지등이 많고 청소상태는 불량이었습니다. 직원들은 친절하시구요.
방음이 안되서 옆객실 대학생들 놀러온거 같은데 자정넘어서 까지 엄청 시끄러웠고 이른 새벽 등산객들의 복도에서의 대화소리가 너무 잘들려서 잠을 설쳤어요.",6,2021-08-25,,,
어마어마한성취,"객실 청결도 가 불량이네요 .특히 전손님이 퇴실하였으면 화장실 변기가 막혔는지 확인안해서 넘쳐흘러 당황 하엿고,객실에 전자렌지도 없어서 불편햇네요",5,2024-08-24,,,
수영왕리트리버,"오래된 시설이긴 하지만 안락합니다. 
건물 곳곳에 결로, 누수 흔적이 있어 시설 보완이 필요합니다. 
식당 음식값이 비쌉니다. 
사우나, 찜질방이 좋습니다.",8,2024-08-24,,,
300억,"온천즐기러 방문했어요...
생각보다 객실이 커서 놀랐어요..
사진으로 봤을땐 작아보여..걱정했는데
공기 좋고 조용하고 따뜻해서 정말 좋았네요..
한가지 침대시트 청결 신경써주시면 좋겠어요..
창문쪽시트 먼지가 많이싸여 있고 머리카락도있고..저흰 수건깔고 머리두고 잤네요..
따뜻하게 잘쉬고 온천 잘하고 갑니다..^^",7,2019-08-26,,,
공무도하,"아, 설악산 대청봉 등반 후, 피로를 풀기에 이런 곳, 또 없습니다. 한계령에서 오색지구로 내려와 식사하고 탄산온천에 몸 담궜더니. 피로가 싹,~~
최적의 장소였습니다. 밤새 아파서 끙끙댔지만 공기좋은 곳에서 묵고 났더니 한결 났네요.
아주 쾌적했고, 친절히 대해주셔서 감사했음요!",5,2022-08-25,,,
가끔대타,시설이나 인테리어는 전반적으로 오래되었기 때문에 부분적인 보수보다는 리모델링이 필요할 것으로 생각되지만 여긴 호텔별점이 중요한게 아니라 오색온천(탄산온천)때문에 계속 이용을 하고 있는것이라는것을 얘기하고 싶다 주말과 주중 가격 차이가 많은건 여타 관광호텔도 마찬가지이기 때문에 별 의미는 두지 않는다 다만 하나를 만족하면 또 다른 무언가는 미흡하더라도 그냥 넘어가는 편이다 특별히 불만족스러운건 없다 사진은 패스~,5,2024-08-24,,,
랑겸,"공기맑고 비온뒤라  너무 좋았어요  탄산온천도 
어른모시고 가니 좋다고 다시한번 오자고 하십니다
30평 인데 너무 넓고 좋았습니다",7,2019-08-26,,,
포시똥22,"연식에 비해 관리기 비교적 잘 되어  있습니다.
설악산을 등에 지고 있어서 공기가 최상입니다.
산행 또는 간단한 트래킹 후에 온천을 즐기면서 조용하고 한적한 휴식을 보내기에는 최고입니다",5,2024-08-24,,,
3122269,주변 경치 좋아서 입구에서는 기분 좋았으나 지은지 오래된 호텔이라서 객실내 시설 올드한 느낌 가득합니다~ 한겨울이라 전기장판 있긴 했으나  하나라서 전기장판 없는 가족들은 춥게 잤습니다~ 객실 추워요~ 침구류도 사용하기 찝찝했구요~  쇼파 밑 구석 청소 더 신경쓰셔야겠어요~  온천탕 있어서 개운하게 온척욕 잘 하고 왔습니다~,7,2018-08-26,,,
skago76,산속에 편안한 호텔이내요. 공기 좋고 날씨 좋고 latent check out도 좋았습니다.^^,7,2017-08-26,,,
우리세명,푹 쉬다 왔습니다 항상 이불은 깨끗하고 좋씁니다 다만 요 번엔 방에서 하수구 냄새가 나더군요 손 씻는 세면대에서 냄새가 올라오는 듯합니다 아무래도 오래되다 보니 이런 것까지 손 쓰기기 어려운 듯합니다,7,2023-08-25,,,
ScaryJason,"오색 온천 지구 원탑 호텔
오래된 호텔이라 시설은 조금 낡았지만 숙소 깨끗하고 온천을 비롯한 다양한 편의 시설 구비",7,2024-08-24,,,
파슬리쥬스,"숙소 시설은 오래 된것같지만
청결 상태는 좋았어요
수압이 좀 약했어요",5,2024-08-24,,,
서귀포잠수함단풍나무,생각보다  너무 좋네요.,8,2024-08-24,,,
알쏭달썽우주,"침구가 깨끗하고 친절해서 작년에 이어 올해도 또 방문했어요.
탄산수 온천 너무 좋구요.
저녁식사로 곤드레밥 먹었는데, 정갈하고 맛있어요.
다음에 또 이용하려구요.",6,2024-08-24,,,
'25트립홀릭,아름다운 자연과 맞닿아 있는 객실과 신비의 탄산온천. 정말 너무 좋아요. 때문에 조금 아쉽거나 불편해도 괜찮았지만 이번에는 객실 청결도에 문제가 있었어요. 조금 더 신경 써주셨으면 합니다. 또한 연박일 경우에 투숙객 동의없이 객실정비가 이뤄지는 점은 개선되었으면 합니다. 아무래도 조금 불쾌하네요. 역시나 친절한 프론트 직원분들 덕분에 정말 편안한 시간이었습니다. 감사합니다.,7,2019-08-26,,,
얼음포도,아주 낡은 숙소입니다. 침대가 꿀렁거려 바닥에서 자는 게 더 편했어요. 문을 닫을 때마다 힘껏 밀지 않으면 경고음 때뮤에 불편. 이런 불편이 있어도 온천장은 물 좋고 시설도 좋아 다 상쇄시킵니다.,8,2024-08-24,,,
동티모르복분자,재방문 의사 있습니다.,5,2024-08-24,,,
여행은쭈와,"오래된 호텔이지만
직원이 너무 친절하시고
조식으로 먹은 건강식은 너무도 좋았어요
새벽에 잠이들어서 네시간 정도 잤는데
머리아픈거 없이 개운하게 느껴지네요
근데 중앙 난방이라 좀 더워서 칭문을 열고 잤네요

지하에 있는 사우나는 별 다섯개가 모자랄정도로
너무너무 좋았어요
탄산온천은 정말 몸을 정화시켜주는 느낌입니다",7,2021-08-25,,,
고고씽굿,"숙소가 매우 오래되었는지 복도벽이 다 까져서ㅠㅠ
들어가자마자 따뜻해서좋았는데
화장실바닥도 줄눈이가 새카맣고ㅠ
온돌35평형 이불이 넉넉하지않아 허리가 너무베겨서 잠도 못잤어요 아침일찍 나와서 
탄산온천했어요 투숙은 신경은 더 쓰셔야겠어요",8,2023-08-25,,,
마마녀자,숙소가 오래됐긴하지만 깔끔하고  조용해 편히 쉬고 왔습니다. 탄신온천은 정말 좋네요^^,8,2024-08-24,,,
그래나돈,전날 투숙객들이 삼겹살 드셨는지 냄새가 남아 있던 것을 제외하면 너무나도 만족스러운 시간이였다.,6,2024-08-24,,,
스위트피89,사진에서 보다 더 깔끔하고 시설도 좋아서 만족했습니다. 프론트 직원분들도 잘생기고 이쁘시고 친절하셔서 기분좋았습니다!! 온천도 이용했는데 전체적으로 깨끗해서 만족하였고 찜질방은 몇군데가 수리중이라 이용 못했던 것은 아쉬운 점이였습니다!! 코다리 강정도 너무나 맛있었습니다!!! 🙂,6,2023-08-25,,,
민쭌마미,시설은 오래되서 좋지 않았지만 이불 상태와 경치는 좋은편이었음~사우나도 오래되서 그냥 그랬음~,7,2019-08-26,,,
효과적인자목련,"짐 들고 들어가려 할 때 직원 분이 문 열어주셨어요. 친절이 기억에 남네요.
2박3일이었는데 1박당 온천무료이용권을 인원수만큼 받았습니다. 찜질방이용은 별도 요금이었지만 할인가로 이용했어요.
지하1층에서 무료 건강상담도 해주시고(예약제), PT, 정해진 시간에 요가 명상, 싱잉볼 명상 등 프로그램도 있어서 좋았습니다.
묵는 동안 온천도 즐기고 인바디 체크도 하고 명상도 하며 힐링하고 돌아왔네요.
숙소는 오래되어 보이지만 깔끔했습니다.
식당 이용하려했으나 정전?으로 이용 못해봐서 아쉽네요.",6,2023-08-25,,,
쿠미밍,탄산 온천이 너무 좋고 숙소도 나쁘지 않습니다. 힐링 여행 즐기시려는 분들께 강력추천입니다.,8,2023-08-25,,,
또곰이,"가족과 함께  이용하기 좋은 곳이에요
예약 금액에 포함된 아메리카노 2잔도 좋았지만
온천이용권  너무 잘 사용했어요
온천 기대이상이었고 여행 후 피로 풀기엔 최고로 좋았답니다
다음날 투숙객 할인받아서 한 번 더 이용했을 정도로 만족스러웠어요 
조용했고 산 속이라 그런지 에어컨도 이용하지 않을 정도로
시원했구요 숙소가 오래되긴 했지만 깨끗했어요
단지 숙소가 미로 같고 모든 객실을 사용하지는 않는 지 c동은 너무 무서웠어요 객실 복도도 좁고 특히 온천 후 4호기 엘리베이터 타러 오는 길은 많이 무서웠습니다 이용객실을 좀 더 편하게 이용할 수 있도록 배정해 주셨으면 더 좋을 뻔 했어요
그래도 만족도 최상 부모님이 온천이용까지 해서 그런지 너무 좋아하셨어요 다음에 또 가고 싶은  호털입니다
가격도 만족합니다",6,2023-08-25,,,
6829238,"저렴한 가격에 넓고 아늑한 방을 쓴 것 같네요
너무 넓어서 뛰어 댕겼어요 ㅎㅎ
다만 침구류 청결상태가 좀 아쉬웠어요
그래도 가격대비는 최고였습니다
담엔 온천도 즐겨보려고요",7,2019-08-26,,,
8237972,"추섞 연휴도 지나고 9월 27일 
고생한 와이프 바람도 쐴겸 오색약수터를 
찾았다.
숙소를 예약하고 와야 했는데 
새벽에 급히 오다보니 오색 약수 들러서 
약수 한 바가지 들이키고 산채정식으로 배를 채우고 나니 드뎌 몰려오는 피로감~ 
오색그린으로 가서 숙소 예약하려고 보니
7만원이라나~
여기어때 들어 가서 확인 5먄5천원
바로 예약 숙소에 짐 옮기고 
산행하기 위해
들어간 415호 깨끗하게 세팅된 더블침대
샤워물도 온천 물 ~
밖에 나와 기념 사진 한컷 하늘도 구름도
그림 같은 호텔 ~
폭포까지 산행 후 인근 식당에서 식사후
지하1층에 있는 온천에서 피로를 풀 겸
온천~
알칼리온천, 탄산 온천 번갈아 가며
하고나니 힐링 그 자체~
단풍 여행도 오색약수로 와야할듯~
여기어때 고마버~",6,2019-08-26,,,
일산대화,편안하고 따뜻한 실내가 너무좋아요,5,2024-08-24,,,
바스토,"시설은 나름 괜찮아요 
직원들 친절하고 좋아요
시설은 깨끗한데거실 바닥이.미끄러워 조심해야겠더라구요 온천시설도 좋아요 다음에 또 힐링하러 오고 싶은 곳입니다",7,2019-08-26,,,
앙칼스러운앤드류,"설악산 대청봉 등반하고 탄산천 과 찜질방 이용하니 최곱니다. 잠도 편히자고 공기가 맑으니 넘좋네요~
돈까스 맛나게 먹었네요.
담에 또 가고싶네요.",7,2019-08-26,,,
1069881,"부모님 여행으로 예약해드림 체크인때 약간의 문제가있었지만 부모님께서 방도좋고 괜찮다고하심 
문의할게있어서 전화했는데 프론트 전화응대는 좀 불친절한 느낌이였음. 부모님께서 좋아하셨으니 상관없지만
조식 진짜 맛있었다고하심 온천도좋고
이용에 문제없었음",6,2018-08-26,,,
소*****,두번째 방문입니다. 숙소는 매우 넓어서 편하게 이용했어요.,5,2022-08-25,,,
복고적인거인,20년전엔 고급 호텔이었을거 같은 규모가 꽤 큰 호텔입니다.  일단 온천이 너무 좋았어요. 꼭 아침에 온천을 즐기시길..  설악산의 설산 풍경을 만끽하기 좋았고 공기도 좋았습니다. 부모님과 같이 여행하기 딱이에요.,7,2023-08-25,,,
chojh22,"1. 콘도30평형 이용했는데 환기가 안됐는지 실내에서 이상한 노릿네가 남.
2. 객실내 욕실에 샤워기가 고장나고 물도 차가워서 이용할수 없었고 수건 또한 목욕타월이 필요함
3. 온돌식으로 중앙난방인데 바닥이 차갑고 건조하여 잠을 잘수없음 
4. 특히 창가 방은 창문이 노후 샷시로 되어있어 엄청난 찬바람이 들어와서 거실에서 잠",7,2023-08-25,,,
지렁플랑,직원분들이 정말 너무 친절하십니다. 공기도 너무 좋고 시걸도 깨끗하고 정말 다음에 무조건 또 갈것같아요 잘 쉬다갑니다ㅎㅎ,7,2021-08-25,,,
범이곰이84,예전부터 가보고싶었는데 이번기회에 여기어때에서 저렴하게 예약한거같아요 일단 시설은 신식은아니지만 정감이가고 관리가 잘되어있어서 만족했어요 주차장은 지상에 꽉들어차지만 어지저찌하다보면 가능하더라구요 가족단위나 어르신손님들이 많아서 조용하고 차분한 분위기가 좋습니다 탄산온천은 관리가 잘 되어있었고 주변에 조금만걸어가면 오색약수터와 먹거리촌이 있어서 편하게 이용할수 있어요,7,2024-08-24,,,
12297628,"좋습니다
예전에는 온천이용 무제한인데
바뀌었더라구요
그거빼고 다만족합니다",8,2022-08-25,,,
3523503,"대부분 그렇듯 사진과는 좀 다른부분이 있었고
온천이랑 사우나는 좀 실망스러웠어요 방은 따뜻하고
 (덥다고 느껴질만큼) 깨끗하고 만족스러워요",7,2018-08-26,,,
6370099,"한계령 오색약수터를 지나다니긴 많이 했지만 숙박은 처음이라 걱정했네요 
시설은 조금 오래된듯 했지만 만족했어요
특히 어머니께서 온천이 무척 마음에 든다고
많은 온천을 다녀지만 제일 좋았다며 자주 오자고
하시네요 
방은 티비와 와이파이도 잘되고 좋았지만
다만 한가지 침대가 너무 노후되서 잠자리가 
불편했네요 차라리 온돌이 더 좋아요
식사는 아침 조식도 좋고 대부분 좋아요
온천은 꼭 하세요 안하면 후회 합니다.",6,2018-08-26,,,
8580414,"오래된 시설이라 기대는 안했지만 
가구들하며  침대 쇼파 ..
족히 진짜 20년은 되어 보이네요
특히나 페브릭이라 ..더더욱 ..
위생상 정말 안좋아
쇼파에는 앉지 못했습니다..
침대는 프레임 없이 낡은매트를 올리고 올려서
하얀 면보로 덮어놨고 ..
차라리 처분하시는게 더 보기 좋겠어요
이 문제만이라도 개선된다면 한층더 퀄리티가
높아질듯 하네요
방은 가격대비 넓어 좋긴했어요
 30평형 썼는데 그냥 단체로 오셔서 그냥저냥
숙박하시기엔 괜찮은듯 하지만..
아이가 있다면 고려해보시는게...",6,2019-08-26,,,
4099427,곳곳에 머리카락이 있고 전에 있던 사람이 두고간 간식거리가 서랍에 들어 있었습니다. 일회용품은 빈것도있고 썼던것같이 비닐이 뜯긴것도 있더군요  많이 불꽤했습니다,7,2018-08-26,,,
laboryun,오래된 호텔이어서 그런지 건물 자체는 노후한 느낌입니다. 하지만 객실안은 널찍하고 간단한 취사(컵라면)도 가능합니다. 그리고 탄산온천은 정말 좋네요.,5,2024-08-24,,,
암묵적인고급장교,"방은 정말 따뜻하다 못해 숨막히네요 ㅎ 베란다 문열었더니 천국에 온기분 였습니다 그래도 추워서 떠는것보다 훨좋습니다 숙박은 만족합니다
다만 직원들이 관광객들을 상대해서 그런지 불친절합니다 체크인할때도 숙소돌게 만들고 체크아웃 할때도 조식관련해서 물었더니 건성으로 대답하고 실망해서 나왔습니다",6,2019-08-26,,,
양주댁가시나,넖은곳에서 아이들도 방 하나씩 차지하고 ..굴러다니면서 잘 잤어요..밤에 온천하고 나오는데  직원분이  엘리베이터를 잡아줘서 고맙게 잘 ..ㅎㅎ 잘 쉬다 왔네요,6,2019-08-26,,,
3408459,저렴한 가격이라 조금 걱정했는데 깨끗하고 넓고 산속이라 조용하고 만족스럽게 다녀왔어요.,7,2018-08-26,,,
쭈루비루비,"이틀 연박....
따뜻하게 잘 이용했어요...
욕실에 수압이 넘 낮은거랑..
바닥이 좀.................
줄만 빼면 뭐.. 괜찮았어요..
면역조식 너무 맛있었어요..",8,2024-08-24,,,
골드미시,오색약수쪽에서 트래킹하기 좋네요. 주전골계곡  가기도 편해요. 숙소가 아늑하기도 하고 가는날 비가와서 운치도 있었어요. 같은 건물에 온천이 있어서 온천하기도 편했어요.,8,2024-08-24,,,
녹차티백스,깔끔하고 나쁘지 않았습니다.,7,2024-08-24,,,
견고한나이,평일에 가서 가격 좋았구요 시설 깨끗하고 평수가 넓었어요 단 방안에 디퓨져가 있는데 저희가족이 예민해서 다들 눈이 따갑고 아팠어요.. 환기시키고 디퓨져는 꼭 막아놔서 그나마 나았었네요. 저녁도 먹고 조식도 먹었는데 만족했습니다 다음에 등산올때 또 이용할게요,5,2020-08-25,,,
월미테마파크낙조,"시설은 많이 낡았지만
온천 하느라 계속 가요
근처 멧돼지고기집이나 산채비빔밥 하는 곳이나
먹을곳도 많구요",6,2023-08-25,,,
007yh,호텔 시설이 너무 오래돼서 리노베이션을 해야 될것 같은 생각이 들었어요..직원분들이  그렇게 친절해 보이진 않았구요.특히 사우나.온천에 근무 하는 여성직원은 진짜 불친절해 보였습니다. 암튼 살악산에 있는거 말고는 그렇게 좋은것 같지는 않았습니다.,5,2024-08-24,,,
용맹하고풋풋한에드윈,따뜻하고 온천을 이용할수 있어서 좋았어요,5,2024-08-24,,,
숫황소,"오래된건물이지만 가격대비 괜찮았음
특히탄산온천욕이추천할만함
조식은가격이 너무비싼게험이었음
재방문의사 있음",6,2023-08-25,,,
청학동증인,"청소상태정말별로에요
침대와이불에
남이먹고남긴 뻥튀기알하고
먼지가 남아있어서
너무찝찝해서 수건으로 배게에올려서자고
그랬네요
호텔인데
모텔보다 청소상태최악이네요
온천우 너무좋았어요
단아쉬운점이
온천과다른건물이라서
갔다올때번거롭고 춥고그랬네요",7,2018-08-26,,,
목탄색파동,"시설열악..오래된곳이라 그런지 청소상태도 최악.
특히 화장실!!",5,2019-08-26,,,
고음빵빵,"온천 대욕장수리 정보를 가서 알게 되었어요
미리 공지했으면 더 좋았을텐데요",6,2024-08-24,,,
6915816,"항상 느끼는거지만 오래됐는데도 관리가 잘되서
불편하진않습니다
온천목적으로  오지만  주변맛집도 괘안아요
직원분들도 친절하시고 괘안아요
담에 또 올게요^^",7,2019-08-26,,,
옛막걸리,오래된호텔이라 노후된시설은 어쩔수 없네요..온천이 있어 등산갔다 피로풀기는 좋은거같아요. 재방문 의사 있음요,5,2022-08-25,,,
stormkid,깨끗하고 좋았어요. 가까운데 온천도 함께 있어서 이용하기 편리했습니다.,6,2020-08-25,,,
남대문시장아티스트,"상당히 오래된 외관과 객실은 세월이 그대로 느껴집니다. 그래도 관리를 잘 하신거 같아요. 다만, 쿰쿰한 냄새는 어쩔수가 없네요. 
온천과 자연이 있기에 계속 찾아갑니다. 

작게나마 매점과 식당이 있고 피트니스, 탁구장, 노래방등 시설이 잘 갖춰진 호텔입니다. 
직원분들 너무 친절하시고 응대 잘 해주셔서 늘 감사하게 생각합니다. 

<개선요망>
* 연박시 동의 없이 빈객실에 들어오는건 좀 불쾌합니다.  
* 침구에서 냄새가 많이 납니다. 특히 베개는 교체시기가 지난거 같아요.",6,2019-08-26,,,
터진달갈,"가격 대비 매우 훌륭합니다.
조금 올드하지만 넓고 청결상태도 좋았습니다.",6,2018-08-26,,,
4333339,"두집이 놀러갔는데 시설이 넓어서 잘 쉬다왔어요~~
다만 방이 너무 더워서 새벽에 잠을 좀 설친거 빼고는 불편한건 없었어요~~~! 다음엔 온천하러 또 가고싶어요!",5,2018-08-26,,,
6383232,"설악산 갈때마다 고민하지않고 예약하여 묵게되는곳이 되었네요
이번에도 편히 잘자고 돌아왔어요
깨끗하고 친절하며 시설도 맘에 들어요
다음엔 온천욕까지 해보고싶어요~^^",6,2018-08-26,,,
1069881,"숙소 이불에 머리카락이 많이묻어있었습니다..  나머지청결은 괜찮았는데.. 이불 머리카락만 아니면 숙소는 좋았을거같네요
그리고 온천세신직원..매우 불친절합니다..
두번다신 가고싶진않네요...",7,2018-08-26,,,
얼음포도,아주 낡은 숙소입니다. 침대가 꿀렁거려 바닥에서 자는 게 더 편했어요. 문을 닫을 때마다 힘껏 밀지 않으면 경고음 때뮤에 불편. 이런 불편이 있어도 온천장은 물 좋고 시설도 좋아 다 상쇄시킵니다.,7,2024-08-24,,,
봉황대경오,"가까운 산책 등산.약수도 뜨고 가성비 최고
온천물이 너무 좋아요.
자주가고 싶은 곳",7,2021-08-25,,,
9234277,조용한 숲속에. 위치해 조용하고. 맑은 공기와 풍경이 환상.  탄산 온천도 참 좋았구요. 직원분들도 친절하구. 다시 가고싶네요,6,2019-08-26,,,
평탄한소화,객실내에서 군인 및  스님외에는 머리감기 금지 수압이 냇가 시냇물보다 더 약함  샴푸를 씻어 내려면 20분 걸림 물이 졸졸졸 ...  아님 온천 패키지로 스파 가시던가.,9,2024-08-24,,,
파란하늘굿,"직원분들 만나는 분마다 매우 친절했어요.객실은 자다  문을 열고 잘 정도로 더웠어요.
다음에 또 이용할 계획입니다~",5,2020-08-25,,,
시뿌연출장요리사,다좋았는데 평일이라 사람이별로 없습니다,5,2023-08-25,,,
쿵푸슈렉팬더,"시설은 괜찮았고 침대도 편하게 지내서 좋았어요 

그리고 온천탕이 밑에 있어서 편히 쉬었습니다.",5,2018-08-26,,,
몽몽둥이,"해돋이 시즌이라 그런지 가성비 별로에 가운및 빗,세면도구 뭐하나 갖춰진게 없었으며 오히려 가격대비 서울보다 비쌌고 
분리수거까지 시키는...참 가성비없고 성수기(해돋이)여서 그런지 바가지요금이었음
다시 가고싶지 않았음",6,2024-08-24,,,
aelilove,"대온천장이 공사중이여서 아쉬웠지만 VIP온천장도 아담하고 시원하게 온천하고 올수 있어서 좋았습니다.
객실상태 청결하고 따뜻했고
약간 건조해서 창문을 열었더니 바깥 공기와 풍경이 운치가 있어서 더 좋았습니다 😀",7,2024-08-24,,,
츠바사123,깔끔하고좋았습니다.,5,2020-08-25,,,
8203001,올 해에만 벌써 5번 방문했습니다. 시설 전반적으로 마음에 들지만 객실 청결도는 아쉽습니다.,5,2019-08-26,,,
아른이1,"부모님괴 함께 한 여행이였는데,
정말 만족스러운 숙소였습니다.
친절하시고, 노후됐지만 깔끔하게 잘 관리되고
있던것같아요.
또 방문의사 100퍼센트입니다",7,2024-08-24,,,
103세얼음마녀,산속이라  창문 열어 놓고 자니 일어나는데 너무 상쾌했어요 좋은 곳에서 잘쉬고 갑니다 감사합니다,6,2018-08-26,,,
103세얼음마녀,좋은공기 마시며 잘쉬다 갑니다  감사합니다,5,2018-08-26,,,
안일한마가린,"비용 대비 실속 있는 호텔로 추천
시설은 좀 오래되었지만 방도 넓고 비교적 깨끗해요
매점 등의 부대시설은 좀 부족하지만 온천만으로도 만족입니다",6,2019-08-26,,,
경박한클로버,"굳이 또 찾고 싶지는 않은 호텔입니다.
주변에 괜찮은 숙소들이 있다면 오지 않을 것같고,
투숙객이 온천 이용하는 것에 대한 혜택도
만족할 수준은 되지 못하네요.
객실 컨디션이나 온천 이용에 대한 혜택의 개선이 없다면 
다른 숙소를 잡고 온천만 이용하는식으로 이용할 듯 합니다.
참고로 23년 3월1일부터 온천가격 인상되어
17,000원 투숙객은 12,000입니다만, 
이것도 또 언제 오를지 모르죠.",7,2023-08-25,,,
양주댁가시나,온천하러 가끔 가는곳인데 오색 너무 좋아요..온천물도 좋고 김 빠진듯한 약숫물도 좋고.. 호텔 직원분들 친절하세요..아침 조식도 잘 먹고 잘쉬다 왔어요..,5,2021-08-25,,,
착한현주양,"조용하고 따뜻해서 좋았어요 ^^
청결도 깨끗하고요 
잘쉬다 가요~~",5,2024-08-24,,,
분당촌장,"리모델링해서  객실도 좋아졌네요.
온천은 더할나위 없고요.

꾸준한  관리 부탁드려요",9,2024-08-24,,,
스파이복서,직원분들친절하시고 편히쉬다왔습니다,6,2020-08-25,,,
양주댁가시나,25평 예약이였는데..  tv가 켜지지 않아 부득이하게 다른 방으로 옮겼지요..더  큰방으로 가게되서 넷이서 방하나씩 차지하고 코골면서 잤네요 ..,5,2018-08-26,,,
로마7,탄산온천이 인상적이네요. 등산후  피로회복으로 좋습니다. 주차장 이용가능해서 설악산쪽 등산하기에 최적인듯 합니다.,5,2023-08-25,,,
떠나고짱,시설 노후로  불편햇지만  편하게 쉬다갑니다~~,6,2021-08-25,,,
6077734,시설이 너무 오래되서 호텔콘도라고 하기엔 너무 실망스러웠어요  가격도 착하진 않았는데.. 온천이 목적이 아니였다면 굳이 묵을 필요가 있을까 싶어요,5,2018-08-26,,,
아테네유자,많이노후화되었지만 가격은저렴합니다,6,2021-08-25,,,
아빠다2,"다른 불만사항은없어요~
단지 지하식당 남자주방장님의 불친절로인해 즐거운여행을 망칠뻔했네요ㅡㅡ
혼자 조리하는데 메뉴 여러개시켰다고 투덜거리시고~~먹다보니 부족해서 한번 더 주문했는데 한번에 주문안했다고 투덜거리시고~~
치킨 포장해 가려니 첨부터 포장이라 얘기안했다고 투덜거리시고ㅡㅡ완젼 별루였어요!!!!!!",7,2019-08-26,,,
스파이복서,조용히잘쉬었고 그래서또 예약했습니다. 감사합니다 친절하시고 불편함일도도없었습니다.,5,2020-08-25,,,
여기어때 이용 고객,설악산 등산때문에 예약하게 되었어요. 산속이라 시원하고 객실도 깔끔해서 좋아요,5,2018-08-26,,,
일흔일곱살흡혈동물,가격대비 깨끗 깔끔하고 위치도 넘 좋네요ㅡ 특히 주전골 강추입니다!,5,2019-08-26,,,
5022223,"객실은 깨끗하게 리모델링이 되어있지만 
시설 자체는 좀 낙후된 편입니다.
온천탕을 이용할 수 있는건 좋았습니다.
객실 내 와이파이가 없고 편의시설이 부족합니디.
저렴하게 이용하긴 좋습니다.",8,2017-08-26,,,
꼬맹이65,"성인 4명 유아 2명 이용 했는데 아주 넓게 사용 했어요.
근데 방음이 하나도 안되서 시끄럽네요~
아침에 일어나서 바로 온천 이용하니 좋네요!",8,2019-08-26,,,
푸른원숭이,반려견 데리고 1박하기 아주 좋네요. 편의최고,7,2023-08-25,,,
어마어마한성취,"오색은 설악산이 좋아서 자주가게 되네요.
비록 낡고 오래됬지만,오색그린호텔을 자주이용하게 되네요 .
온천물이 좋고 집사람이 자주가고 싶어해서 자주가네요~  숙박시설은 그냥 별로라고 얘기들 하지만 ,위치나 풍광도좋고 온천시설이 주인듯 하군요.",5,2024-08-24,,,
3499557,"힐링하기에는 최고인것 같아요~^^

오색약수터길 따라 선녀탕까지의 산책길은 항상가도 좋은것 같아요.ㅎㅎ

호텔지하의 온천장과 불가마도 너무 좋았고요~
일상의 스트레스를 푸는데는 최고인것 같습니다.

잘 쉬고 갑니다. ㅎㅎ",6,2017-08-26,,,
여기어때고객님,"너무좋았습니다.
온천,찜질방도 최고 였어요
다음에. 또 가겠습니다^^ 꼭 ㅎ",5,2024-08-24,,,
11947619,오래 된 호텔이라 그런지 인테리어나 시설부분에서는 아쉬웠어요. 온돌 방을 이용했었는데 이불이 너무 얇아서 등이 아프더라구요.. 하지만 온천이나 찜질방은 너무 좋았습니다,5,2020-08-25,,,
봄달별구름,경관은 예쁘고 온천도 시설 자체가 노후된 건 있지만 그걸 빼면 좋았어요. 피부도 매끈해져서 가족들도 만족 했어요. 콘도 방을 이용했는데 넓고 방도 세개라 좋지만 공기가 조금 차가운 건 아쉬웠어요. 그거 빼면 훈훈하니 좋고 하루 자고가기에는 좋았어요. 콘도는 로비와는 거리가 있어서 참고 하세요!,8,2024-08-24,,,
현실과고래,설악산 오색 코스 등산에 최적의 숙소.,5,2024-08-24,,,
제시킴,너무 오래된 호텔입니다. 보수공사가 필요해 보입니다. 방에 해충이 있으면 잡아놓는 조치를 취해애지 상세하게 해충 그림 붙여넣고 에프킬라로 잡으면 됩니다라니요... 그리고 지난주에 코로나 확진자 나왔다고 재난문자 오네요 찝찝하게 퇴실합니다,6,2021-08-25,,,
용용이다1,친절하고 시설좋아요,5,2018-08-26,,,
br10,오래되긴했으나 먼지하나없이 깔끔해요,5,2023-08-25,,,
18656488,"곰팡이 냄새가 좀 나긴해요 근데 온천은 좋아요
숙소는 넓어요 그리고 괜찮아요",5,2023-08-25,,,
'25트립홀릭,여기는 완벽한 힐링 포인트에요. 정말 너무 좋아요. 친절한 직원분들 덕분에 편하게 잘 쉬었습니다. 감사합니다.,7,2019-08-26,,,
여기어때고객님,조식은 괜찮았는데 실내는  리모델링을 좀해야되지않나 싶어요,5,2016-08-26,,,
양주댁가시나,평일이라서 사람들도 많이 안 부딪히고 이틀동안  온천 잘했어요..온천물 너무 좋아요..직원분들 친절하고 잘 쉬다 왔어요..,5,2020-08-25,,,
알콜신사,리조트내 식당 직원의 서비스가 엉망이었네요.,6,2020-08-25,,,
섹시한사립탐정,"오래된 시설이였지만 관리가 잘되었고 
특히 온천수가 있는 사우나는 최고였습니다~
다시한번 더 찾아가고싶은 숙소네요",5,2019-08-26,,,
매초롬한홍조식물,1년에 적어도 세번이상은 가는곳 넘 편하고 좋아요 탄산온천과 찜질방을 좋아하신다면 적극추천해요,5,2020-08-25,,,
재구울,저희 어머니가 여행가신다해서 예약했는데 많이 깨끗하고 되게 좋다고 하시네요,5,2018-08-26,,,
103세얼음마녀,공기좋은 곳에서 잘쉬다 갑니다 그리고 탄산수 온천 정말 좋아요 ^^,5,2019-08-26,,,
스파이복서,편히잘쉬다갑니다. 직원분들친절하시고 bar가있으면참좋았을텐데요..,5,2020-08-25,,,
쉰살로망,직접 이용은 안했지만 편하게 잘 쉬었다고 전해 들었어요 땡큐!,5,2020-08-25,,,
라이프라인스,"힐링할수있는 몇안되는 곳이네요!
주변경관도.좋고.산세가 너무너무 좋은곳입니다!",5,2021-08-25,,,
꾀꾀한낙엽송,"온천을  하다  예약했는데  생가외로  괜찮네요
잘쉬다갑니다",5,2019-08-26,,,
단순한포병대,자주이용하는 호텔입니다 너무시원하고 탄산온천이 매력적입니다,5,2019-08-26,,,
보드레한박달나무,"산행 후 온천욕하며 쉬기 좋은 곳입니다.
주전골, 오색약수 초입에 있어서
주전골,흘림골,오색,한계령 등 코스로 접근이 용이합니다.
특히 산행 후 온천은 정말 최고입니다.
아침식사도 흡족했습니다.
다시 가고 싶은 곳이네요.",6,2023-08-25,,,
2498376,직원분들이 너무 친절하셔서 대접받고 왔습니다 감사합니다,5,2019-08-26,,,
여행마즐겨봅세,"위치도 좋구요.. 깨끗했어요...
담에 또 숙박 할꺼에요",5,2018-08-26,,,
스파이복서,조용히편히잘쉬다갑니다.눈까지내려서더더욱분위기좋았네요,5,2020-08-25,,,
호리egon213,"시설은 오래되었지만  가족모두 만족한 장소 였네요.
간단히 트레킹하고  패키지 온천하고
피로가 확~~~^^겨울에도 한 번 오고 싶네요",6,2024-08-24,,,
2498376,직원분들이 너무 친절하네요~~힐링하고왔네요,5,2018-08-26,,,
인디언V,직원들도 친절하고  온천이랑 바로여결되어 넘 좋앗다,7,2024-08-24,,,
5153966,직원들이 친절하고 방도 너무 좋아요,5,2019-08-26,,,
경탄스러운프로그래머,깨끗하고 온천도 무료이고 좋아요,5,2023-08-25,,,
밝고소박한여름,온천수 좋고 공기가 깨끗해요.,5,2023-08-25,,,
5604837,너무너무좋았어요가격두 적당하구,5,2018-08-26,,,
555524,"바닥만 조금 신경망 써주새요  
좋은 여행이였어요!",6,2018-08-26,,,
서사적인천문대,공기좋고 조용해서 굿^^,5,2020-08-25,,,
G*****,"조용히 쉴수 있고 온천도하고
너무좋았어요",5,2019-08-26,,,
민족적인도끼,"사진도 찍기 싫어요 
다신 안가요  여기는 청소를 안하고 손님 맞이 하나요? 킹받아서 이불 빨래 하시라고 정리 안하고 왔어요",6,2024-08-24,,,
AlexLee1530,그럭저럭 이용 잘 했어요.,6,2021-08-25,,,
적황색우동,그럭저럭 괜찮았습니다요~,6,2019-08-26,,,
가끔대타,탄산온천두 잘하구 조용히 잘 쉬었다 갑니다~,5,2024-08-24,,,
향숙짱,방도 넓고 온천이 특히 맘에 들었습니다~!!,5,2023-08-25,,,
전지전능한와사비,"겨울인데 너무따뜻하다 못해 더웠고
오래된 건물이지만 방도 크고 깨끗 했어요~~~^^",5,2019-08-26,,,
13719543,"설악산대청봉입산로가가까워서
너무좋았어요
탄산온천도만족스럽고
등산하시는분들에게
강추합니다",6,2021-08-25,,,
6132248,오래된 건물이라 컨디션은 나쁘지만 온천물이 좋은걸로 퉁칩니다. 방이 넓어서 여러명 같이 오는게 좋겠네요 ^^,5,2018-08-26,,,
jo0908,너무 편하게 잘 쉬다가 왔습니다!,5,2024-08-24,,,
단순한포병대,깨끗하고 너무좋았습니다 무엇보다 탄산온천이 피로를 확 풀어줍니다,5,2018-08-26,,,
hyhy짱,깨끗하고 조용한 곳에서 힐링 잘 하고 갑니다~^^,5,2018-08-26,,,
하늘2020,산속이라 조용하고 너무 아늑했어요~ 강추입니다^^,5,2020-08-25,,,
뚜피르,1박 힐링했습니다. 다음에 또 방문할게요,5,2019-08-26,,,
아빠다2,좋아요^^가족이랑 조용히 놀기 좋았어요,5,2018-08-26,,,
시대적인독버섯,"일단 오래되었어요! 그치만 깔끔하고 넓고 좋아요
오색등산로와 너무 가까워서 등산하시기에도 좋습니다 ㅕㅕ",5,2021-08-25,,,
간결하고가냘픈아드리안,온천을 같이 즐길수 있어서 좋아요,5,2024-08-24,,,
2498376,굿   조용하고 힐링 하고왔네요,5,2018-08-26,,,
활강한남매,콘도 너무 옛날식이에요(티비도 엄청 작고 넷플 릭스 유튜브 안되고 가구 등 전체적으로 낡은 느낌) 온천에는 비누만 있고 샴푸 바디워시 없어요 수건은 열쇠받을 때 두 개 받아요 다른 온천에 비해 돈이 좀 아까워요 방은 따뜻해요,5,2024-08-24,,,
서사적인천문대,조용하고 깨끗해서 굿^^,5,2020-08-25,,,
인생은나그네길2,굿 오천4인권까지 덤으로,5,2022-08-25,,,
귀염도니엄마,오래도ㅐ서 걱정했는데 생각보다 괜찮았어요,6,2023-08-25,,,
박달재견과,그냥 그랬어요..~~,5,2019-08-26,,,
진윤서아빠,방이 3개라서 여유있게 지내고 왔어요,6,2019-08-26,,,
5321080,깔끔하고 좋습니딘.,5,2020-08-25,,,
적당한바가지,깨끗하고 좋았습니다,5,2018-08-26,,,
두니퍼,부모님께서 너무 좋아하셨어요^^,5,2024-08-24,,,
김주용,모든것이만족스럽넹ᆢ,5,2018-08-26,,,
5604837,싸고좋았습니다~~~,5,2018-08-26,,,
열혈깡이,"깔끔하고 침구류 및 깨끗해서 만족스렀어요!온천 및 부대시설을
이용할수 있어서 더욱 더 좋았어용",5,2024-08-24,,,
땡땡한바지,깨끗하고 다음날 등산하기엔 최고네요,7,2024-08-24,,,
마이쩡쩡,"설악산 입구에서 가깝고  주차도 편해요.
등반 후 온천욕으로 피로 풀기 최고입니다.",5,2023-08-25,,,
3287113,시설리모델링이필요합니다,5,2020-08-25,,,
굿굿잠,"가족과 함께 종종 방문하는 곳입니다
시설은 낙후되었지만 공기도 좋고 물도 좋아요",6,2022-08-25,,,
나겨비1,시설이 년식대비 관리에 노력하신게 보입니다. 리모델링 대대적으로 하시면 인기명소 확실합니다. 이번에 효도 한번 제대로 했네요^^,5,2023-08-25,,,
16001067,잘이용했습니다. 설악산 등산하기 전 좋은숙소,5,2022-08-25,,,
철수아빠,"시설은 낙후되었으나
머랄까 들어서는 순간부터 나올때까지
무난하니 참 좋았습니다.
특히 온천이 참 좋았어요.",6,2024-08-24,,,
백열적인뉴게이트,온천사우나가 만족스러워요,5,2023-08-25,,,
미끈둥한고속버스,"호텔도 깨끗하고 부모님 모시고 간 온천이
다른곳 보다 시설도 좋고 탄산온천이 매우 좋았습니다",5,2024-08-24,,,
공감하고알록달록한한강,부모님과 함께 갔는데 온천도 좋고 힐링하기 좋았어요.,5,2024-08-24,,,
나다나넌너고,온천이 유명해서 갔습니다,5,2019-08-26,,,
산인수,좋습니다.조용하게 쉬다가 갑니다,5,2024-08-24,,,
